region,H3_cban_hc8_gallezot,GABAa-bz_flumazenil_hc16_norgaard,CB1_FMPEPd2_hc22_laurikainen,CB1_omar_hc77_normandin,VAChT_feobv_hc18_aghourian_sum,5HT2a_alt_hc19_savli,5HTT_dasb_hc100_beliveau,D2_raclopride_hc7_alakurtti,5HT2a_mdl_hc3_talbot,5HT2a_cimbi_hc29_beliveau,5HT4_sb20_hc59_beliveau,DAT_fepe2i_hc6_sasaki,VAChT_feobv_hc4_tuominen,MU_carfentanil_hc204_kantonen,NAT_MRB_hc77_ding,D2_flb457_hc37_smith,A4B2_flubatine_hc30_hillmer,GABAa_flumazenil_hc6_dukart,NMDA_ge179_hc29_galovic,D2_fallypride_hc49_jaworska,5HTT_dasb_hc30_savli,5HT1a_cumi_hc8_beliveau,5HT1b_p943_hc22_savli,VAChT_feobv_hc5_bedard_sum,5HT1a_way_hc36_savli,mGluR5_abp_hc22_rosaneto,mGluR5_abp_hc28_dubois,mGluR5_abp_hc73_smart,D1_SCH23390_hc13_kaller,MU_carfentanil_hc39_turtonen,DAT_fpcit_hc174_dukart_spect,NAT_MRB_hc10_hesse,5HT1b_az_hc36_beliveau,5HT1b_p943_hc65_gallezot,M1_lsn_hc24_naganawa,D2_flb457_hc55_sandiego,5HT6_gsk_hc30_radhakrishnan
Precentral_L,16.49296760559082,457.47076416015625,8.680437062338557,1.2364070415496826,24.923322677612305,40.545658631152484,1.2706117630004883,18.06872907611591,55.0882453918457,16.404373168945312,0.586658775806427,0.12228558212518692,1.2969053983688354,16.29161686297302,0.07114940881729126,0.4658048748970032,10.409127235412598,49.60731308995842,5.753571236669196,0.5791709534140128,2.142241955492769,8.533287048339844,30.880004360275965,5.856673240661621,19.122563756452987,3.182528495788574,2.3767735958099365,0.6776423841574957,6.512245978020823,0.9271065684948572,22.67800172862306,13.121952757190956,7.347562789916992,0.8248475193977356,2.902987003326416,0.5632075667381287,0.332470178604126
Precentral_R,16.497800827026367,424.0478820800781,8.590920412260562,1.1987639665603638,23.71670913696289,36.88440337444092,1.1614941358566284,17.009613399702726,48.26089859008789,14.332442283630371,0.5072473287582397,0.07647105306386948,1.291888952255249,13.082152586285149,0.08204862475395203,0.3771921396255493,9.935918807983398,48.17729763196249,5.620701928374954,0.552264712870271,2.60379079135954,7.717954158782959,29.293241092005445,5.691163063049316,17.538122915269824,3.032667398452759,2.2767832279205322,0.6333380163143423,6.994637850047708,0.8491635386320072,21.707625662984192,13.619744771331833,6.617586612701416,0.8080253601074219,2.967941999435425,0.5016399621963501,0.24508711695671082
Frontal_Sup_L,16.91520881652832,461.0989990234375,8.996080863808494,1.3010410070419312,21.002275466918945,44.46067124438897,1.2416802644729614,16.64773329966417,58.47102737426758,18.761463165283203,0.7065856456756592,0.08229144662618637,1.1511876583099365,20.37422143875965,-0.04376378282904625,0.5897608399391174,10.318290710449219,48.5062777039988,5.265485940934142,0.6085784798139324,2.090845997235387,10.18262004852295,30.45793401028379,5.313802242279053,22.747300888303627,3.2473182678222656,2.438246011734009,0.680613770492254,7.767641044546665,1.1149735759496635,20.608937292135625,11.079864603043935,7.591906547546387,0.7940661311149597,3.112410306930542,0.6413052678108215,0.365101158618927
Frontal_Sup_R,17.37774658203125,442.40655517578125,9.38621878703989,1.2735605239868164,20.614255905151367,45.42652128044931,1.2376072406768799,17.092366276081513,56.94892120361328,19.42453384399414,0.7110956311225891,0.03415580466389656,1.160465121269226,21.52114800076179,-0.04466714709997177,0.5228414535522461,10.02294635772705,50.27948548991434,5.377830096016994,0.6266705687006263,2.352437664200935,10.530268669128418,31.20213809861512,5.30430793762207,23.334091429970112,3.234266996383667,2.452877998352051,0.6894005512542453,8.655218569093961,1.1931515100933032,21.72973003950433,9.895491611840674,7.897737979888916,0.8345983028411865,3.20076322555542,0.5779178738594055,0.307591050863266
Frontal_Sup_Orb_L,17.51513671875,606.0039672851562,9.443070283167717,1.3740228414535522,24.143104553222656,53.50960343968413,2.1211447715759277,17.738746523868564,94.3739242553711,27.228851318359375,1.071213960647583,0.15538066625595093,1.4126032590866089,28.6782987064547,-0.030238498002290726,0.8338763117790222,9.790047645568848,60.70984003528923,6.3916680280909555,0.8901356730749396,5.050264745900807,17.24720573425293,32.50166564483738,6.569347858428955,31.432674433053364,3.523780345916748,2.5117552280426025,0.6878741261611884,17.18783202704737,1.3181520282173163,27.47485472925727,7.996745861460721,9.968177795410156,0.8936876058578491,3.391906261444092,0.970668375492096,0.38120314478874207
Frontal_Sup_Orb_R,17.29471206665039,510.8048095703125,9.240143404830842,1.3573625087738037,23.533227920532227,51.41064148373554,2.267348527908325,16.8968009049763,71.4007568359375,29.511322021484375,1.1187857389450073,0.08008633553981781,1.3088665008544922,28.29352003424519,-0.05064741522073746,0.8164801597595215,10.02657413482666,60.521280261346476,6.2413109191957545,0.8527037464660816,4.660193710391279,18.163156509399414,30.466105383529595,6.296648025512695,29.96120116975761,3.558375597000122,2.5639913082122803,0.6975044769819893,16.33524565311071,1.3043190699787623,26.77532906613594,7.903887638845906,10.71254825592041,0.8815008997917175,3.5156500339508057,0.8408908247947693,0.29648587107658386
Frontal_Mid_L,17.73125648498535,483.4462890625,9.95339224343363,1.3568873405456543,22.793594360351562,54.00191972697136,1.384069800376892,17.91910682686958,64.14116668701172,20.591459274291992,0.7749524116516113,0.10939859598875046,1.205000400543213,23.70393700016243,-0.0008915809448808432,0.6391854882240295,10.904062271118164,56.149653946971284,5.5237646026325224,0.7020975647455129,2.7679663204315883,10.822261810302734,36.67928351512053,5.682973384857178,24.279567706790203,3.480975866317749,2.6112914085388184,0.7819875464533311,9.386689311258092,1.2082895352054221,22.31981178052986,9.695118045968593,8.288594245910645,0.9656885862350464,3.536569118499756,0.73209148645401,0.44008445739746094
Frontal_Mid_R,17.09481430053711,456.34649658203125,10.214697802320316,1.3139185905456543,21.201278686523438,52.769631275230346,1.380685567855835,17.348274327805548,57.450416564941406,21.91062355041504,0.8025219440460205,0.030379468575119972,1.2038055658340454,23.417922325016097,-0.029311567544937134,0.5041150450706482,9.965115547180176,55.63437433376196,5.601134053226589,0.6876272281588856,3.1931259680721418,11.684995651245117,36.55815257839378,5.57628059387207,24.596770392668102,3.4795024394989014,2.559596061706543,0.7521910431282427,9.916218598978624,1.2541646361226053,22.379722786145322,9.287801191206716,8.851083755493164,0.9755896925926208,3.5268309116363525,0.598745584487915,0.28903910517692566
Frontal_Mid_Orb_L,16.749378204345703,512.9310913085938,9.879300777529231,1.4045559167861938,24.9145565032959,57.95751426881693,1.8906022310256958,16.717354061545176,73.49996185302734,27.535634994506836,1.0522284507751465,0.16665299236774445,1.2605496644973755,27.205922808020787,-0.006526274140924215,0.731041431427002,10.222108840942383,59.176086952828285,6.204064109954079,0.8129229726870797,3.6851375227593084,16.021907806396484,35.84025215989048,6.084914684295654,27.683615319812912,3.6757874488830566,2.6219635009765625,0.7269418037207626,14.648298375732805,1.2578866402824813,23.86235241155635,7.384744972442689,10.23622989654541,0.9378700852394104,3.51863431930542,0.9218272566795349,0.4129452705383301
Frontal_Mid_Orb_R,17.82489585876465,496.3575134277344,9.559167248104831,1.3878148794174194,23.72041130065918,51.16603542304058,1.9463088512420654,15.179649169805028,59.721580505371094,29.92580795288086,1.0970350503921509,0.07608342170715332,1.149030089378357,25.524218777495356,-0.025883624330163002,0.7594013810157776,10.255858421325684,55.301268721946236,5.723064542315577,0.8411396720337687,3.582090409916064,16.568010330200195,28.814753516594738,5.8054351806640625,25.425396058139444,3.6545727252960205,2.592963457107544,0.6809918887417029,14.069820584417705,1.2317990271292216,22.309664011008927,7.20825105258029,11.385542869567871,0.9235530495643616,3.90655779838562,0.7430600523948669,0.24806690216064453
Frontal_Inf_Oper_L,17.859439849853516,476.3060302734375,9.40959886020514,1.3259466886520386,24.80797576904297,52.64255709189867,1.5224676132202148,17.537928108780775,71.68001556396484,19.984045028686523,0.775456964969635,0.14693966507911682,1.2613227367401123,22.40064701998003,0.03938307240605354,0.6526846289634705,10.765052795410156,54.40170343181225,5.981523272572903,0.8151027100852817,3.4244006022674016,11.681293487548828,35.27642811806178,5.978950023651123,26.42433016484854,3.425205945968628,2.6107547283172607,0.8709476229473597,10.29537474683804,1.2001454663213496,25.6078439181588,9.151326813647367,8.28769302368164,0.9909846782684326,3.4207863807678223,0.8193916082382202,0.4742985665798187
Frontal_Inf_Oper_R,18.77580451965332,422.30499267578125,9.252333155721425,1.3023408651351929,22.72911262512207,52.36873665648465,1.3694454431533813,17.208301030650947,63.28334045410156,19.352476119995117,0.7088608741760254,0.0571671798825264,1.2228765487670898,22.022677954955324,0.04028567299246788,0.5557218790054321,10.488654136657715,56.4215886182999,5.8656770678985914,0.7673886127298463,3.2037313405724253,11.135772705078125,35.17352550650927,5.702661991119385,25.911708727613235,3.3524084091186523,2.586756706237793,0.8654394600892116,12.360846372199727,1.1807810348532257,25.126673557363446,7.998528997126103,8.000626564025879,0.9490565657615662,3.6177515983581543,0.7200473546981812,0.3817254900932312
Frontal_Inf_Tri_L,16.665828704833984,481.09405517578125,9.577962262388583,1.346146821975708,24.035964965820312,52.2826943841792,1.7251795530319214,17.381816726726203,68.88236999511719,21.090787887573242,0.7952238321304321,0.15575720369815826,1.2288316488265991,21.709423162217462,0.03943239897489548,0.6363022923469543,10.8832426071167,55.612777365714514,5.805986795680588,0.7592056128001702,3.492884588694293,11.619745254516602,35.8424043265795,5.733526229858398,23.61097471418909,3.5280890464782715,2.605065107345581,0.8078820976895836,10.45959898877032,1.1724242513169818,25.093835436561896,8.234218336092468,8.735438346862793,1.0220047235488892,3.4512364864349365,0.7949050664901733,0.46725642681121826
Frontal_Inf_Tri_R,17.0225830078125,425.2052307128906,8.807252507500356,1.2740124464035034,21.169696807861328,43.548218147981906,1.4304847717285156,14.985217181603096,59.02891540527344,18.643203735351562,0.7009912729263306,0.04388156905770302,1.1502735614776611,18.11663533679368,-0.001699128421023488,0.44582006335258484,9.753294944763184,48.86372374777999,5.368721998576987,0.6480836001330516,3.307153612012198,10.513381004333496,30.89905990706819,5.316376686096191,20.697169657676326,3.29164981842041,2.3548576831817627,0.710172923299018,9.491701490507761,1.0696701887202336,22.092393965736747,6.0768461323590826,7.910207271575928,0.8594557046890259,3.3964996337890625,0.5950015783309937,0.28770706057548523
Frontal_Inf_Orb_L,18.25474739074707,481.43646240234375,9.3210327336483,1.3573302030563354,24.68458366394043,53.8057468007376,2.6036360263824463,16.404289789027906,70.75325012207031,27.596080780029297,1.0599621534347534,0.14669793844223022,1.2910572290420532,24.999049676308378,-0.022817999124526978,0.8490363955497742,10.080290794372559,62.6693330144589,6.4310299730893625,0.8732743107090353,5.540249040732769,16.3439998626709,29.77690956143843,6.058721542358398,27.018974224683596,3.4996490478515625,2.673078775405884,0.7675353813011535,14.163853273830716,1.1946870328301842,27.70576244183546,7.798859444903613,11.075312614440918,0.8758588433265686,3.4684345722198486,1.0040922164916992,0.4465903341770172
Frontal_Inf_Orb_R,17.790828704833984,395.51776123046875,8.726179706845151,1.309082269668579,22.638425827026367,44.67567226620872,1.9748198986053467,13.918661586515125,62.201717376708984,21.088706970214844,0.7881417870521545,0.053790200501680374,1.189805030822754,21.013971741209545,-0.039287809282541275,0.6451100707054138,9.650348663330078,54.27867670469559,5.715244180681097,0.8038613246481698,4.916658949294842,12.124585151672363,23.32750479304767,5.613646507263184,23.076902828553965,3.196873426437378,2.476560115814209,0.7036902809547253,11.704188769359149,1.1038233663922241,24.026591681571325,5.2342295072686245,8.61377239227295,0.8078944087028503,3.600412607192993,0.849412202835083,0.3007020354270935
Rolandic_Oper_L,17.713764190673828,515.4927978515625,9.020938260508613,1.3120291233062744,29.214115142822266,59.39590301278019,2.47676682472229,19.006765254365956,71.36775207519531,21.467479705810547,0.9172627925872803,0.15698814392089844,1.674660563468933,22.83857430572165,0.08185218274593353,0.8178108334541321,9.964659690856934,66.8297860780444,6.649551155495592,1.116993732414399,8.393905544313046,14.318153381347656,32.41824391716333,6.86964225769043,31.97842364869933,3.6260910034179688,2.8522849082946777,1.0435397021859403,13.788433942740776,1.135047126361932,29.91154456463727,14.477895248689087,8.286008834838867,0.8657407760620117,3.595599889755249,1.0773816108703613,0.47334372997283936
Rolandic_Oper_R,18.473169326782227,521.0142211914062,9.013211968743587,1.332321286201477,26.906213760375977,57.26996755104821,2.256265878677368,18.369016183585067,64.34709167480469,21.406230926513672,0.9325323104858398,0.08599482476711273,1.5714527368545532,21.77054976421469,0.11555640399456024,0.7523071765899658,9.982427597045898,61.36415862824921,6.4051300823886805,1.0208030371886667,6.73001495527228,14.7076997756958,29.5293130203494,6.52523136138916,29.71715717019565,3.556774377822876,2.7600791454315186,1.0275938722325029,14.6597384564798,1.1009356030563529,28.19563696246173,14.315724515822856,8.467508316040039,0.8818517923355103,3.8556737899780273,1.0100194215774536,0.4254901111125946
Supp_Motor_Area_L,21.223556518554688,446.107666015625,8.935186320084469,1.2658296823501587,24.073890686035156,41.417953869394275,1.5805472135543823,17.13752940115386,54.883602142333984,21.26239013671875,0.7497539520263672,0.009277270175516605,1.3520790338516235,21.886746317331667,0.049643948674201965,0.4985213577747345,9.918163299560547,52.15113126307025,5.687159271302832,0.6315872940465501,2.7118159884619706,10.97358512878418,31.281992291727704,5.607733726501465,22.636652271863774,3.090728759765625,2.408914804458618,0.7777498231055658,8.869046553888317,1.1763072374613173,21.80993211063828,13.883996442031147,9.213305473327637,0.7883857488632202,3.3058979511260986,0.6490030884742737,0.3408028483390808
Supp_Motor_Area_R,19.559289932250977,491.32537841796875,8.851276704191944,1.2420811653137207,25.594133377075195,39.58230689507777,1.6124293804168701,18.329657289318483,50.70685958862305,18.774356842041016,0.6804857850074768,0.08019276708364487,1.3863309621810913,21.21073779096082,0.08335454016923904,0.5299883484840393,10.483116149902344,51.901260181861645,6.0583986332903965,0.5726451887444226,3.3401321404696187,10.22514533996582,28.857531021833765,5.991302013397217,21.88776670497586,3.143129587173462,2.390451669692993,0.7234626862371927,8.980618186858816,1.1466998170102436,23.05857300022613,15.182617025783246,8.493264198303223,0.7994800209999084,3.108853578567505,0.6222257018089294,0.3414163589477539
Olfactory_L,32.19989013671875,399.5225524902344,8.029359703134741,1.3959009647369385,38.77552795410156,46.84006033846927,4.398655891418457,21.406467907838916,70.54344177246094,19.209030151367188,1.0686825513839722,0.6893402338027954,2.1348226070404053,35.170391268198486,-0.07316289842128754,2.2842187881469727,9.132309913635254,64.06757112608484,6.522454782945196,3.6401896202693544,24.459444309815336,18.9470157623291,23.326115156185256,9.930450439453125,34.61439123698872,3.3172006607055664,2.6063156127929688,0.8508643310743537,24.70427379093146,1.6847165218571922,47.87349645069667,5.571794457332061,8.2979736328125,0.7170310020446777,4.142365455627441,2.4628844261169434,0.3235449194908142
Olfactory_R,33.426570892333984,492.2095031738281,8.212386432186996,1.3950121402740479,37.18925476074219,43.712912300309576,4.946234226226807,21.755851358994295,58.95159912109375,19.87248992919922,1.1836079359054565,0.7973058819770813,2.037057399749756,34.9512149889558,-0.07624097168445587,3.3997395038604736,9.364007949829102,58.85216249035807,6.8766678315362775,4.0413873546743115,21.929147194869007,19.078405380249023,22.555324373931672,10.110089302062988,34.2955220441067,3.318532705307007,2.5833139419555664,0.8570356082566244,25.438969614567966,1.6686475535329823,47.42633979295777,5.64220113760872,8.97269344329834,0.7788339853286743,4.303361892700195,2.325828790664673,0.36640509963035583
Frontal_Sup_Medial_L,21.040224075317383,430.4621276855469,9.327525453595849,1.3506910800933838,20.80755043029785,49.55672219375205,1.412817358970642,15.391962839151422,68.02103424072266,21.828882217407227,0.8075618147850037,0.0007559454534202814,1.248002052307129,23.016189121048008,-0.040624506771564484,0.7103850841522217,9.977619171142578,52.07731934399453,5.406319307714113,0.702800785503951,3.063918155368703,12.230400085449219,33.10501720987687,5.2590556144714355,25.87391865760914,3.1974830627441406,2.6461021900177,0.8307929937970006,10.125623571788845,1.2954357586088827,20.54537420639984,8.431516648483484,8.292596817016602,0.8518970608711243,3.657628297805786,0.7805326581001282,0.4242129623889923
Frontal_Sup_Medial_R,19.35000228881836,510.20294189453125,9.362807470528226,1.3423068523406982,21.792097091674805,53.144050924886564,1.537358283996582,17.43207771799792,66.57711791992188,24.63993263244629,0.922375500202179,0.017588315531611443,1.2336547374725342,25.116808401258385,-0.04078904911875725,0.6914485096931458,10.257768630981445,55.615796285577176,6.04573613043226,0.7073832506043013,3.16047053065102,13.889887809753418,35.85584395827801,5.327126502990723,27.75855739666531,3.4986507892608643,2.6543943881988525,0.8073733919098226,10.964921372256951,1.297632682847171,22.240019793075795,9.621169342934712,9.596256256103516,0.8459517955780029,3.565351724624634,0.7556874752044678,0.3978482782840729
Frontal_Med_Orb_L,21.71364402770996,447.62310791015625,10.276645918107508,1.4362702369689941,23.85704231262207,62.71827820544687,1.8598614931106567,16.47474037667776,95.39800262451172,21.85223960876465,0.863157331943512,0.03291860967874527,1.4854941368103027,27.694927217831005,-0.023287957534193993,0.8239585161209106,10.021093368530273,65.16250421545921,6.0944408769574,0.7880128913180793,8.235047282158321,13.65583324432373,36.20749165982718,6.377593040466309,34.90939448215356,3.7261157035827637,2.9079577922821045,0.9420862963781071,18.41920954354247,1.429996377814682,25.276570843811818,10.505587716788426,7.5591325759887695,0.9348035454750061,4.061575889587402,0.9602556824684143,0.46432220935821533
Frontal_Med_Orb_R,20.933639526367188,489.9336853027344,9.793944923783826,1.4406936168670654,24.129281997680664,58.950729683649016,1.6491475105285645,18.30326118504382,85.25920104980469,20.932273864746094,0.8293083310127258,0.07616417855024338,1.4242738485336304,29.402868845504788,0.0015422608703374863,0.7709475159645081,10.134340286254883,64.68747434965456,6.5062784322697755,0.7929270951877426,8.324548694571684,13.575883865356445,34.80816743266025,6.420886039733887,36.02076695460779,3.7426998615264893,2.7754480838775635,0.901168405291407,19.23897241903573,1.4503689803529995,28.22377514477088,8.68863391124328,7.349905490875244,0.9385901093482971,3.853271007537842,1.015336275100708,0.44780996441841125
Rectus_L,22.06077766418457,539.1384887695312,10.172763045462819,1.4424793720245361,25.684301376342773,62.02427211504979,1.8660187721252441,17.918513191671927,118.03701782226562,19.286762237548828,0.8017712831497192,0.05722634494304657,1.595777153968811,31.71847429352515,-0.03580562025308609,1.1135002374649048,9.761368751525879,71.8247096999736,6.451216290556928,1.172941848708843,8.763489059064483,13.617279052734375,33.40737643792478,7.080917835235596,38.89877598540053,3.801042079925537,2.8880834579467773,0.9240488270723488,21.967170565971557,1.5452053959067429,30.097948198797,6.51766506929671,6.703447341918945,0.8822125792503357,4.069809436798096,1.153832197189331,0.40899744629859924
Rectus_R,21.643068313598633,654.76806640625,9.943697301913764,1.4434709548950195,26.3454647064209,58.76376475339401,3.1036853790283203,18.262530571901326,98.64459228515625,32.49384689331055,1.3722058534622192,0.1502242535352707,1.5804020166397095,32.7056148893359,-0.020184708759188652,1.2264294624328613,9.941890716552734,69.12625947774093,6.935823131823834,1.3054717766133532,8.884249873931038,23.03768539428711,32.961582622831585,7.170477867126465,39.27503681347253,3.6935813426971436,2.738369941711426,0.895792839483368,22.074453113469747,1.5728387915315307,31.809154108546725,6.809422454940901,11.162943840026855,0.8982546329498291,4.040006160736084,1.2276637554168701,0.39663565158843994
Insula_L,21.575332641601562,491.22735595703125,9.162872282873954,1.3705635070800781,31.159454345703125,59.1368384530069,4.089385509490967,20.543353867247244,67.65818786621094,23.162282943725586,1.092733383178711,0.7250247597694397,1.951112985610962,30.574624123294047,0.0029209554195404053,2.149083137512207,10.218131065368652,66.20457563701574,7.199063647110732,2.5767278568134966,14.321058074436996,21.606279373168945,31.41042886510097,8.463940620422363,39.046161493571645,3.6060173511505127,2.7945971488952637,0.9413852680614511,18.72777634521643,1.4231415347885612,35.35773617548886,14.160468981141548,9.679418563842773,0.805417001247406,3.710080146789551,1.9028263092041016,0.5624154806137085
Insula_R,23.017486572265625,398.6295166015625,9.185662090298342,1.4273145198822021,28.996551513671875,61.20789972646012,3.433908224105835,19.617397174751375,68.33453369140625,20.350088119506836,0.915863037109375,0.22796082496643066,1.7755329608917236,30.88919329622034,0.06772588938474655,1.2299270629882812,10.33748722076416,71.04166392703486,7.0527489754669945,1.733797703400428,14.397174143086659,18.916118621826172,30.784320341476633,7.525012016296387,42.36734702290013,3.5674819946289062,2.956742525100708,1.0835698791779147,19.891572517238814,1.4175901648332372,34.75197327554562,13.66291087994755,8.132579803466797,0.9657812714576721,4.307405948638916,1.7018617391586304,0.5143755674362183
Cingulum_Ant_L,26.534988403320312,357.9087829589844,9.413107644590642,1.449580192565918,28.035547256469727,57.73970742778836,1.7927954196929932,19.28302750861497,74.75071716308594,15.491016387939453,0.6583594679832458,0.07217409461736679,1.6478768587112427,35.52517590399975,0.020529797300696373,0.8684367537498474,10.024077415466309,68.60231029210743,6.297616050553375,0.8861281864458994,12.40549682491685,11.08542251586914,35.32963721000536,6.640833377838135,34.23841966880123,3.6046206951141357,2.9699487686157227,1.0215577876764188,19.16400735336482,1.5774985903783012,30.976142989567347,10.142842328681803,5.986412048339844,0.9619342088699341,3.641023635864258,1.1632956266403198,0.46934783458709717
Cingulum_Ant_R,23.988872528076172,475.83648681640625,8.692915296574641,1.3896052837371826,26.79841423034668,48.772199445486585,2.1602513790130615,19.444134099620165,67.71405792236328,18.22281837463379,0.7892714142799377,0.11521676182746887,1.5240119695663452,32.672194631529024,0.03304557502269745,0.714202880859375,10.019651412963867,59.23523176609573,6.578637304700828,0.7833133666979692,10.103784339893911,13.579999923706055,30.118257365525704,6.446027755737305,28.800083910949787,3.542440176010132,2.6730074882507324,0.891155383370206,16.721669321609674,1.502016315104133,31.157318540865106,9.722875848465502,7.597445964813232,0.9242575764656067,3.22701358795166,1.0491549968719482,0.421985387802124
Cingulum_Mid_L,22.16930389404297,380.1484375,9.52904613013102,1.3933377265930176,30.772951126098633,57.228630959219835,2.0662806034088135,20.367503944303287,56.890865325927734,18.08733367919922,0.7457979917526245,0.1168784499168396,1.6863179206848145,29.10388796201575,0.10082314908504486,0.7836705446243286,10.876636505126953,66.12547406646024,6.6577027178666075,0.8693964607815526,10.912216815183442,10.844436645507812,36.47980669220221,6.988952159881592,30.738980616587924,3.650350570678711,2.872291326522827,1.0603728421343623,17.487118089378168,1.3107719219464147,30.444057062076332,14.067263632046677,6.803844928741455,0.8903574347496033,3.9757087230682373,0.902738094329834,0.46121665835380554
Cingulum_Mid_R,20.093841552734375,455.1463317871094,9.288437065434875,1.3055686950683594,30.1097412109375,53.62682886527914,2.227618932723999,20.3143542481646,50.67695999145508,20.175302505493164,0.822623610496521,0.14416542649269104,1.5981733798980713,29.027623918766427,0.07465560734272003,0.6438356637954712,10.635066032409668,62.972498578052374,6.7866002330971735,0.7552541030790009,10.695983558090948,11.934089660644531,35.127550259404465,6.857967376708984,28.98181897724838,3.6590795516967773,2.793806791305542,0.9367193609407746,17.5583364294494,1.3022278949542219,30.527529282294996,11.8810009032592,7.665151119232178,0.8489833474159241,3.4103477001190186,0.7831295132637024,0.3504258692264557
Cingulum_Post_L,14.923063278198242,474.0942687988281,7.784572822141017,1.1569640636444092,23.547704696655273,50.974226724207874,1.6038405895233154,20.04439667129645,51.62369918823242,16.76987648010254,0.6655980944633484,0.1004532128572464,1.3075554370880127,14.770241263407785,-0.06575169414281845,0.3271414637565613,9.046257972717285,54.9487546353253,6.1827264057569025,0.6039389933715423,8.320866856799647,7.365589618682861,28.14107028908428,6.097291946411133,23.887618246004926,3.1786181926727295,2.4188570976257324,0.7452173725591613,15.691651967973078,0.7695408099210866,30.062079514077105,7.536825222578695,5.505161762237549,0.579984724521637,2.9493632316589355,0.5140371918678284,0.32066717743873596
Cingulum_Post_R,11.549782752990723,469.0083923339844,6.57034466767327,1.0284721851348877,19.392066955566406,34.670403748138696,1.123530626296997,19.255804105674184,41.15903091430664,11.8408842086792,0.4550076425075531,0.0957532525062561,1.1611796617507935,9.717693548528532,-0.13260820508003235,0.1402372568845749,8.517190933227539,42.84291284227603,5.523476834057956,0.3725443183470504,5.586941894134661,5.07421350479126,17.448916538786236,5.399467945098877,16.97725280781471,2.7812600135803223,2.031187057495117,0.4779547640332717,11.422504234791528,0.6275356123664148,29.765518484542618,4.144130274583056,3.8090109825134277,0.34155037999153137,1.9312050342559814,0.3021479547023773,0.13990692794322968
Hippocampus_L,14.44780445098877,459.596435546875,5.41005831463312,1.2758454084396362,34.722557067871094,13.740751291989675,5.0995774269104,18.821940554872178,35.402347564697266,13.991966247558594,1.4097141027450562,0.14601069688796997,2.0902891159057617,17.458635492459358,-0.07104663550853729,0.86799556016922,10.146815299987793,46.94304719830911,7.104224762338611,1.569686172831461,11.85841246485368,34.2274055480957,9.489721063884682,9.113222122192383,33.79803613354716,2.622091770172119,2.161681890487671,0.5570196703669854,12.427788409101076,0.8752318634989651,37.31703779574627,6.046493404189942,5.170021057128906,0.40881550312042236,2.2687981128692627,1.4605690240859985,0.14687524735927582
Hippocampus_R,14.34774398803711,412.09417724609375,5.4389632098742595,1.2712042331695557,32.55180358886719,14.441956513139512,4.107987403869629,18.506573689574658,35.379905700683594,11.760690689086914,1.1999568939208984,0.2052440047264099,2.0126631259918213,14.971539480092833,-0.070481076836586,1.003696084022522,10.17951774597168,42.92201166273434,6.860577615969578,1.5411364744448381,9.835404173488524,31.849916458129883,7.619199436897964,8.945465087890625,30.845269901250383,2.596700668334961,2.0432398319244385,0.505631008154035,11.824173022323208,0.8581473579447398,36.09466875531961,5.4932796176062375,4.071682929992676,0.46760424971580505,2.2882354259490967,1.4800291061401367,0.2235780656337738
ParaHippocampal_L,13.85629940032959,365.8907165527344,5.651786839740349,1.2310354709625244,23.067211151123047,29.881835611797676,4.602138519287109,16.306955784433523,44.015682220458984,15.518281936645508,1.2621222734451294,0.004545517265796661,1.4081403017044067,14.540968840842387,-0.14659900963306427,0.5978532433509827,7.877243995666504,51.730683810786516,5.354307854261552,0.9657020695497529,12.074343358995822,30.847518920898438,4.794322131488074,6.437270641326904,47.738167240163826,2.7755215167999268,2.2170751094818115,0.5686254678333418,9.02432367167009,0.812396261341109,30.438893303336055,7.116244756154019,5.542997360229492,0.24458780884742737,2.300496816635132,1.0321117639541626,0.06147807836532593
ParaHippocampal_R,17.520095825195312,420.9751281738281,6.310561675339341,1.3154362440109253,26.74317169189453,36.469647065890804,4.68778133392334,17.783503429739085,45.475643157958984,16.934206008911133,1.2763826847076416,-0.0008657992002554238,1.5138190984725952,18.44735726461237,-0.10139232128858566,1.0986546277999878,8.819526672363281,59.3579661317288,6.088177648204625,1.1525394903451585,13.521163149218854,32.80354690551758,4.722724541101629,7.384639739990234,54.55187058544542,3.1432156562805176,2.4194703102111816,0.7025314179070449,12.69619513584408,0.9126474371679402,32.15493003639653,10.39975496378399,5.762234687805176,0.41962218284606934,3.10632061958313,1.331392526626587,0.2595047056674957
Amygdala_L,21.745237350463867,377.9986267089844,6.717321258706349,1.424184799194336,42.788299560546875,19.50668065418561,9.342164993286133,19.275013602070104,46.329830169677734,12.89675235748291,1.2303768396377563,0.2657856345176697,2.311180591583252,43.06879556059677,-0.04422415792942047,2.1446704864501953,9.220660209655762,52.13956433419121,6.263004375042511,3.1293648118433675,31.10144860538427,21.812475204467773,13.049036933495076,11.215780258178711,35.3699098142308,3.081800699234009,2.3740687370300293,0.6477886017058568,17.612363970734737,1.6328895286694407,42.88691000504927,14.817527291482165,8.384856224060059,0.783977746963501,3.5826339721679688,2.7436912059783936,0.22807972133159637
Amygdala_R,26.27763557434082,406.11346435546875,6.704588108488961,1.3973288536071777,37.82329177856445,20.584378309577893,7.503119945526123,19.339727744654446,44.20370864868164,9.662550926208496,0.9830445051193237,0.2668817937374115,2.1725103855133057,36.53507334064628,-0.01616903953254223,2.264366388320923,9.265009880065918,48.55480464362365,6.187207095908126,3.0324925317824727,27.293501364248126,15.319796562194824,8.764099814776884,10.652764320373535,29.961077924775967,2.9503226280212402,2.200979471206665,0.591628496956688,18.643743866313674,1.5592501605017066,42.29264473530554,10.93541813083424,6.799481391906738,0.7747608423233032,3.730024576187134,2.533828020095825,0.27883052825927734
Calcarine_L,15.86356258392334,698.2153930664062,6.900426355253605,1.1200754642486572,20.713510513305664,60.16555121452011,2.9362449645996094,19.338607719307596,76.70658111572266,27.11884307861328,0.7804408669471741,0.0721324235200882,1.301183819770813,2.4705563057108892,0.006455629598349333,0.29042068123817444,8.51103687286377,74.33655112765977,6.714099130991813,0.6068002174174971,8.101063009123076,7.123276233673096,40.899876020048836,5.465209484100342,16.977394553733905,3.266399621963501,2.513768434524536,0.7347891469364106,14.29879538013294,0.29799767090821633,27.360445628711496,9.368245146284496,13.990429878234863,1.2828251123428345,4.044760704040527,0.5082626342773438,0.4399506151676178
Calcarine_R,14.97205638885498,758.3969116210938,6.71541200690071,1.07233464717865,20.652687072753906,57.83689050515978,2.4406635761260986,19.765922286609374,70.34041595458984,21.668746948242188,0.6372913718223572,0.0948091596364975,1.2673989534378052,2.3197707538361088,-0.013506930321455002,0.31950706243515015,9.346075057983398,73.20994112585893,6.650004772056208,0.5172474327486112,7.652271341412273,6.043776035308838,39.36907977504303,5.652987957000732,15.695936231197232,3.1767899990081787,2.3862996101379395,0.6951779765279478,12.728264085436736,0.3036668825620724,28.981237255969656,10.962240260853909,11.6381254196167,1.033255934715271,3.779956579208374,0.513069748878479,0.4181126356124878
Cuneus_L,14.788559913635254,544.1387939453125,7.881772274941649,1.1869746446609497,20.698877334594727,49.516069336224305,1.9474334716796875,19.836294008114553,75.109130859375,18.483156204223633,0.6892290711402893,0.08567041903734207,1.2459603548049927,4.499893934856398,0.024448007345199585,0.4249032139778137,8.838635444641113,63.1590100007625,6.192142402571593,0.7578677405439745,5.063728575494474,7.40316915512085,26.198666784491476,5.325863838195801,20.089228879232166,3.312096118927002,2.52266263961792,0.8069945515546608,11.515343046150768,0.4520540644145997,24.606917492107904,9.408812557304932,7.476161003112793,0.8499515056610107,3.8414852619171143,0.6761862635612488,0.41773319244384766
Cuneus_R,14.821755409240723,580.2764282226562,8.016414975483201,1.1596734523773193,22.424100875854492,52.36462432884466,1.8950673341751099,20.191847952894566,72.40052032470703,18.275087356567383,0.6634238362312317,0.09674455970525742,1.1982355117797852,4.245340956913425,0.026191232725977898,0.5171225070953369,9.461271286010742,66.5588495591817,6.557061280054707,0.6818621244865732,5.112074529544484,7.452316761016846,30.25303328759009,5.63610315322876,20.122043961887776,3.3327386379241943,2.536484956741333,0.7759061667284722,10.495393142295686,0.45642876085752426,25.729937869511293,11.579367318022612,7.513808250427246,0.8823372721672058,3.873868465423584,0.681251049041748,0.4155002534389496
Lingual_L,13.875061988830566,717.4993896484375,6.787567591726549,1.1502217054367065,20.566186904907227,56.750620972358796,2.5428307056427,18.668668370463948,58.98823547363281,23.152151107788086,0.798244833946228,-0.0006417971453629434,1.3161890506744385,3.928545868946771,-0.05038847774267197,0.37373632192611694,8.580305099487305,71.87367104809479,6.765302292161748,0.6783746711019013,7.87846970863784,10.062454223632812,36.91801110786036,5.78104305267334,21.10073755400417,3.1663639545440674,2.411390542984009,0.648544974269839,14.587724220827155,0.38682406530440044,28.49075197103769,8.462733803976288,10.075849533081055,0.7328104972839355,2.881814479827881,0.6210514307022095,0.2630745768547058
Lingual_R,14.511638641357422,674.1268310546875,6.7711161520485925,1.1303560733795166,20.185110092163086,55.043708025389414,2.1946182250976562,18.13102667377622,58.432716369628906,20.295246124267578,0.6861037015914917,0.048051271587610245,1.2793619632720947,3.260340962997833,-0.03436359390616417,0.4788023829460144,9.132694244384766,67.56690974373372,6.51276536820178,0.6625543941583221,7.811104580562741,8.841042518615723,32.52776058692183,5.849233150482178,19.67761532494821,3.0413482189178467,2.3438878059387207,0.6453709441783498,12.987262873588081,0.3771319831187024,27.75569353995116,8.717956215977152,8.967877388000488,0.7891566157341003,3.19022536277771,0.683183491230011,0.32556140422821045
Occipital_Sup_L,14.070615768432617,517.9198608398438,7.723680389714658,1.2061809301376343,21.098390579223633,39.86096540821448,1.4533621072769165,18.79236654418164,62.9874153137207,15.061684608459473,0.5830146670341492,0.11868634074926376,1.211321234703064,4.706589315747588,0.019472036510705948,0.4612914025783539,9.096647262573242,56.116907976259505,5.688568259425596,0.657767018276174,2.6414933766618223,6.110718250274658,23.890928719215886,5.277907371520996,15.913203129084184,3.2570881843566895,2.3427276611328125,0.6566613109545368,7.163064694998434,0.46935693915612725,23.153588795251764,7.100475847369134,6.1782546043396,0.8140424489974976,3.620490789413452,0.6091764569282532,0.33254101872444153
Occipital_Sup_R,13.895306587219238,502.9651794433594,8.215290829596213,1.1990150213241577,21.377538681030273,43.08975828384341,1.2699060440063477,17.887459923430924,62.50029754638672,14.958635330200195,0.5797837376594543,0.1222323551774025,1.1776492595672607,5.8163014421682675,0.0020830174908041954,0.5443549752235413,9.371171951293945,52.8031892301193,5.712250936377947,0.6852313094918722,2.1278695681641504,6.2547221183776855,26.116886981723297,5.401760101318359,17.385650511152047,3.2209391593933105,2.3157620429992676,0.6756799169474267,6.273345162137479,0.5310096936981188,23.221178830021916,7.995847361835094,6.280811786651611,0.8570314049720764,3.7212209701538086,0.6731864213943481,0.29679998755455017
Occipital_Mid_L,14.710624694824219,597.6073608398438,8.752690437028406,1.2623553276062012,22.682762145996094,52.0151262508627,1.7159897089004517,19.64294820156284,67.62100219726562,23.003965377807617,0.9110209345817566,0.12675951421260834,1.2173740863800049,9.925787890067394,0.04696470871567726,0.7239534258842468,10.077914237976074,61.58859198319869,6.366728770695633,0.7665063245786428,2.5969832422023327,11.007657051086426,29.88757958645118,5.722611904144287,22.288032432646663,3.5085394382476807,2.530428171157837,0.6962571840901416,8.428235955586402,0.6455247052147963,25.678727314687286,8.88746390041889,8.834050178527832,0.9474959969520569,3.897918939590454,0.802149772644043,0.4354286789894104
Occipital_Mid_R,14.573704719543457,535.2450561523438,9.091175149898733,1.2427425384521484,22.12809181213379,49.312867104476936,1.719435214996338,17.109698566471394,62.18265914916992,24.291725158691406,0.9940871000289917,0.1111791655421257,1.188870906829834,10.091669493423128,-0.004876115825027227,0.5994127988815308,9.108694076538086,56.81022946759297,5.850736220619823,0.8041737474018327,1.8589116455788646,11.654162406921387,24.70327599818373,5.679489612579346,21.082184647972575,3.5947160720825195,2.495793342590332,0.7272340506495154,8.268937196601858,0.6719575624750103,23.052277076825167,8.659096236158396,9.871068000793457,0.9253637194633484,3.928755044937134,0.7865619659423828,0.278368204832077
Occipital_Inf_L,14.459704399108887,672.6586303710938,7.960043000667191,1.2626806497573853,21.624128341674805,60.02051337000793,1.4060572385787964,19.73817446615712,66.46979522705078,19.086332321166992,0.7416222095489502,0.11231202632188797,1.184036135673523,8.96721512113833,0.039362892508506775,0.7854412198066711,9.762869834899902,66.21248174752468,6.400168531599454,0.8495903411525942,3.7379275451776546,9.939399719238281,30.10824432866333,5.85159158706665,26.255484971535175,3.4038479328155518,2.50425386428833,0.6666712874282316,9.82827368978012,0.5712666206904093,26.882859338482685,10.978602653692302,6.976719379425049,0.8665728569030762,3.794888496398926,0.9548864960670471,0.467026948928833
Occipital_Inf_R,14.447611808776855,625.1173095703125,7.714605554259563,1.1880512237548828,20.63405418395996,50.259198041637255,1.551653504371643,16.603438498563314,59.050025939941406,22.135807037353516,0.7998071312904358,0.07470013946294785,1.140074372291565,5.482125215913148,-0.006158284842967987,0.6187467575073242,8.713624000549316,56.469070161381865,5.937976646501159,0.7329345239063629,2.6814007917535574,10.594616889953613,21.4537586975342,5.547274589538574,21.04538771495045,3.4117231369018555,2.3660225868225098,0.5964331238566692,7.407751511189364,0.4648680078276003,24.617797277589055,10.902686589889855,8.59911060333252,0.7820250391960144,3.834322929382324,0.8185385465621948,0.27313682436943054
Fusiform_L,15.54126262664795,532.2546997070312,7.395889624047925,1.3225473165512085,22.267576217651367,60.690052981253146,3.0634889602661133,18.674232607117705,57.12282180786133,26.476179122924805,1.1725696325302124,0.040499817579984665,1.294749140739441,18.294511255754568,-0.03952720761299133,0.9002706408500671,9.254383087158203,68.2828764082537,6.655124467408884,1.064887397255909,7.0066060480057075,22.635969161987305,20.10127033823534,6.313470363616943,41.506259600271626,3.310901403427124,2.5833327770233154,0.7044703893185845,15.223824402077021,0.9045601244584234,30.388055300015907,11.229742055432919,8.251947402954102,0.5365176200866699,3.177794933319092,1.260549783706665,0.34628236293792725
Fusiform_R,15.596774101257324,488.3281555175781,7.437744921479817,1.3301138877868652,21.772092819213867,61.47097726713553,2.2386157512664795,18.733697079038077,60.15257263183594,21.590831756591797,0.9143809080123901,0.046916570514440536,1.2244621515274048,18.473956364102637,-0.03016906976699829,1.2205010652542114,9.508179664611816,68.64100178156652,6.596318417906919,1.0847891167136696,5.688243854214322,16.99346160888672,18.348645474708427,6.196835994720459,39.20921238392546,3.385435104370117,2.563826084136963,0.7408443887527983,16.209334490898627,0.9103600140743865,30.11032431138897,13.521845687872407,6.963706970214844,0.6290408968925476,3.6697285175323486,1.449155569076538,0.4116254448890686
Postcentral_L,15.254315376281738,472.1025695800781,8.370370448527117,1.2628718614578247,25.11640167236328,40.76683520741067,1.4427253007888794,17.73340793960681,52.8558349609375,13.640376091003418,0.5441733002662659,0.09031669795513153,1.3277355432510376,12.514018832691026,0.10161218047142029,0.6021510362625122,9.81314468383789,51.09101877802233,5.66720409453653,0.7264087947329967,3.2089776383044923,7.995534420013428,28.24900465374183,5.84079647064209,19.417371811738793,3.179596424102783,2.3804845809936523,0.7080206412206164,6.176487146706442,0.78356113004599,22.62139613118491,12.146755848479424,6.106496810913086,0.760189950466156,3.2919700145721436,0.6814827919006348,0.31197500228881836
Postcentral_R,15.332758903503418,401.361083984375,8.37042673212466,1.2060754299163818,22.60817527770996,38.46052753523873,1.2681670188903809,16.39592470462626,47.761680603027344,13.681260108947754,0.5650996565818787,0.0451093390583992,1.2380435466766357,12.176794195888503,0.07044771313667297,0.4397481679916382,9.112051010131836,47.582861752476205,5.366760969228942,0.6913294961929721,2.6898766982697446,8.603055000305176,23.841194175090507,5.474302768707275,17.65085079288596,3.0660316944122314,2.298969268798828,0.6549756631758819,7.056471823649633,0.7788740411450856,20.650299630937365,10.435624671292883,6.02305269241333,0.6776973605155945,3.219655752182007,0.5867362022399902,0.2218390703201294
Parietal_Sup_L,14.247761726379395,435.13031005859375,8.360828442715013,1.2487715482711792,20.62937355041504,39.11194951433277,1.1077762842178345,15.460949781230953,57.76902770996094,16.10408592224121,0.6742116808891296,0.048988133668899536,1.153955101966858,12.741149418965628,-0.03167412802577019,0.5237294435501099,9.029960632324219,48.402419843936535,5.339925480089204,0.771630108244486,0.9685103160640585,8.305815696716309,24.22724786337653,5.137975692749023,17.36058198705007,3.107626438140869,2.323564291000366,0.706194007497707,6.054207359151746,0.7572906658783817,18.552741214896376,7.875539219838649,6.313785076141357,0.6368415951728821,3.3899359703063965,0.6739919185638428,0.29315507411956787
Parietal_Sup_R,13.829924583435059,353.5867919921875,7.911468767480414,1.2224922180175781,17.790294647216797,30.83836322760852,1.0214043855667114,12.31706171060759,56.57011032104492,16.264984130859375,0.6843077540397644,0.06892440468072891,1.062968134880066,10.652514923185132,-0.07255889475345612,0.40295541286468506,8.419565200805664,38.76071508184749,4.364750837660166,0.746434249799527,0.6013823369700696,8.183072090148926,17.719974411037974,4.605140686035156,14.043816471284096,2.8151772022247314,2.139981985092163,0.6360417040424639,4.90477116624052,0.712081866384969,14.304763968193429,6.27934102095909,6.620432376861572,0.491283118724823,3.3550853729248047,0.6538310050964355,0.18378378450870514
Parietal_Inf_L,15.753006935119629,540.1929321289062,9.837308658940643,1.3389662504196167,23.323070526123047,57.32461271747212,1.388081431388855,20.255077290810263,63.04349136352539,21.877731323242188,0.9288767576217651,0.08872243762016296,1.224664330482483,20.833461241613477,0.03086979128420353,0.8534946441650391,10.263105392456055,62.707440566826754,6.392845729984511,0.9589826870770743,2.077810053186336,11.532599449157715,34.71402408898366,5.695781230926514,26.275138697143195,3.419044017791748,2.631443500518799,0.8563812302377003,10.26192388800493,1.0535353184161889,23.834194717016473,11.713613368258445,8.082883834838867,0.8444374203681946,3.895076274871826,0.9961739182472229,0.431369423866272
Parietal_Inf_R,15.678421020507812,469.4759216308594,9.972563822461279,1.307697057723999,21.136417388916016,51.99749159614969,1.2633906602859497,17.904813356233362,58.73760223388672,23.15614891052246,0.9784972071647644,0.0348026417195797,1.1931419372558594,19.656342263215272,-0.008012702688574791,0.6137124300003052,9.442662239074707,57.24396105199677,5.868560584987165,0.9708655051610927,1.4727491298917195,12.2689790725708,28.579680674250962,5.377209186553955,24.098831918709532,3.300532817840576,2.607109546661377,0.8410657690949528,10.663298679234883,1.0526962582461485,21.371323027907692,10.681552236846066,8.784279823303223,0.81791752576828,3.9478487968444824,0.9281283617019653,0.33325430750846863
SupraMarginal_L,16.74053955078125,597.7659912109375,10.486420808647742,1.4253515005111694,25.375350952148438,58.67659912179209,1.7122689485549927,21.1994297301663,69.34960174560547,23.409236907958984,1.0539932250976562,0.1066906675696373,1.3212229013442993,24.96501752233549,0.07605759054422379,0.9981718063354492,10.413111686706543,62.83060551534732,6.330677677272833,1.1214984187376753,3.179828236130901,14.1574125289917,33.65489974853556,6.268852710723877,29.03265264384427,3.7867424488067627,2.777895927429199,0.9363318442853719,9.695839462320688,1.2302762628896136,26.45495260976682,11.860181081338457,8.158270835876465,0.939185619354248,4.016542434692383,1.1541996002197266,0.47905370593070984
SupraMarginal_R,15.613372802734375,512.9408569335938,10.259738618075597,1.3121062517166138,23.71646499633789,56.883607469397056,1.4244921207427979,19.12432770340526,55.6447868347168,21.78957748413086,0.9920593500137329,0.042149536311626434,1.2420817613601685,22.984167469465582,0.02943808026611805,0.6922523379325867,9.243730545043945,56.900668582440396,5.961263253439063,1.020735266210623,2.32493550188489,13.567087173461914,28.953747934100562,5.905655384063721,26.669471337484385,3.7018635272979736,2.715864658355713,0.8759151854707863,11.774482769468031,1.1867073013950016,24.32424331372632,9.966039693141067,8.039941787719727,0.8943066596984863,3.695665121078491,0.9206242561340332,0.3071427643299103
Angular_L,15.416301727294922,554.4560546875,10.249985297162015,1.3514978885650635,23.53631591796875,60.26319839262907,1.519080400466919,20.5259829169131,69.48281860351562,23.19345474243164,1.047830581665039,0.10164747387170792,1.2178621292114258,21.729446089442472,0.026020361110568047,0.9392898082733154,10.523829460144043,64.63259271777363,6.639078716285747,1.0322990187482797,1.9862385418351656,13.306676864624023,30.61151433145922,5.880645751953125,26.79375701664189,3.6897761821746826,2.7195143699645996,0.8687062381005504,10.603406951347859,1.1015150493270172,24.97973267074741,11.133145464947754,8.449318885803223,0.8835474848747253,3.9559779167175293,1.0361930131912231,0.4871993660926819
Angular_R,15.411111831665039,506.20928955078125,9.682741596400433,1.3089152574539185,22.280956268310547,53.85328896550683,1.2300784587860107,17.392695265816894,59.8949089050293,21.109683990478516,0.9268358945846558,0.09538783878087997,1.1641632318496704,18.25435260151688,-0.01585484854876995,0.654662013053894,9.353630065917969,56.78001815803499,5.962146190065213,0.9625094375355417,1.2998001539700856,11.529403686523438,25.767053148920052,5.785970211029053,22.83556130054326,3.6111679077148438,2.5930936336517334,0.8237933545628201,10.496213174072505,1.012717374755901,22.395698757489217,11.013598074418114,8.063508987426758,0.8714916706085205,3.830467939376831,0.9223396182060242,0.30907824635505676
Precuneus_L,16.65593147277832,470.7684326171875,8.6624420788723,1.2631515264511108,22.57670783996582,47.72884849176488,1.5039467811584473,17.95140282957431,67.27294921875,18.300809860229492,0.7653310894966125,0.01906031183898449,1.2839634418487549,15.48501679227872,0.005080258008092642,0.463899701833725,9.14952564239502,57.41177199154261,6.192729367210743,0.7968895172474186,3.7069829107585908,9.471808433532715,26.049748614489705,5.676638603210449,22.578584405296024,3.3331711292266846,2.477221727371216,0.8513376341010693,11.681171700749347,0.8491784422494846,23.541377403328823,9.473516047176624,6.789947986602783,0.6531450748443604,3.681828498840332,0.7297461032867432,0.3707125782966614
Precuneus_R,16.2645263671875,510.85955810546875,8.675471686910186,1.2238998413085938,22.275300979614258,48.88142173876172,1.6128921508789062,18.211607954610297,65.29559326171875,20.113540649414062,0.839631199836731,0.08542840927839279,1.2651640176773071,15.226185049559433,-0.0019330499926581979,0.48498237133026123,9.743989944458008,58.05644049466046,6.249103297102099,0.7614939577237149,3.8503787079745333,10.195157051086426,24.21131395189354,5.687461853027344,21.72954679549716,3.2825887203216553,2.4729607105255127,0.8394122636057592,12.146479022286611,0.8402482159716056,24.382143433153868,11.115869218980164,7.439108371734619,0.6205723881721497,3.5679147243499756,0.7113173604011536,0.39969149231910706
Paracentral_Lobule_L,16.270235061645508,400.1803894042969,7.37663147179108,1.1799755096435547,25.058456420898438,25.15282183202954,1.309120774269104,16.580533379016895,46.24563217163086,10.346120834350586,0.3833352327346802,0.018884439021348953,1.3727325201034546,10.244306896131267,0.16408030688762665,0.2717937231063843,8.858536720275879,43.75621466083799,5.632941561295891,0.4802902897780525,2.84380543487425,6.04290246963501,21.119036343089487,5.795043468475342,14.758174718426108,2.9165987968444824,2.1223676204681396,0.5832862252604102,4.899913313700645,0.7103324944034409,19.61553652091138,17.78703229915022,5.58890438079834,0.5740108489990234,2.794273853302002,0.391987144947052,0.18552890419960022
Paracentral_Lobule_R,17.14828109741211,368.774658203125,7.676156315668445,1.188452959060669,25.601816177368164,28.934233579045312,1.2494392395019531,17.118937910239303,46.90681457519531,8.452398300170898,0.33736544847488403,0.0803641527891159,1.4304325580596924,10.024384725054047,0.1753486543893814,0.37265482544898987,9.615644454956055,46.384135195193544,5.782041658422536,0.5241608652857865,4.073794822260199,5.320085048675537,19.697613091880395,5.919184684753418,16.115676054258014,3.0615234375,2.1613454818725586,0.6298624157997956,6.535965370551992,0.7126032732399982,20.808107298527037,16.415963220655353,4.580986976623535,0.5538833141326904,2.996047258377075,0.443473219871521,0.26150479912757874
Caudate_L,26.337261199951172,392.6414794921875,6.399630910032434,1.0783177614212036,78.36481475830078,7.116541350740844,6.9640936851501465,44.074659248817554,28.130334854125977,5.117225170135498,3.562209367752075,2.0234053134918213,4.144446849822998,33.03704688319881,-0.24194929003715515,4.306785583496094,9.207006454467773,28.035865998335463,6.5156965329205425,10.573825841267489,12.447727162639088,3.3564295768737793,14.518135518524808,19.049182891845703,2.923920787664835,2.337747573852539,2.373660087585449,0.6575601500498429,37.0371742299886,1.4002246362532502,48.64361265688949,5.122312740622538,6.758119106292725,0.43338894844055176,4.06510066986084,6.267059803009033,0.5460601449012756
Caudate_R,30.130859375,403.1930847167969,6.77757106551372,1.1361830234527588,83.9078369140625,6.38836650658082,7.382381439208984,48.94977243202677,26.423072814941406,4.172639846801758,3.7116875648498535,2.3966825008392334,4.489713191986084,38.67384448247279,-0.2067609578371048,6.0658698081970215,10.927994728088379,29.34047489663841,6.8373365857205615,11.101391166325326,13.958457475787792,2.277400493621826,16.557906369211,20.051801681518555,2.4112433370224293,2.9463796615600586,2.5727460384368896,0.6794422924823655,44.733699986561696,1.5037888364893186,55.08155593228052,4.2472618521316114,7.3890790939331055,0.4554232954978943,4.471548080444336,6.485532283782959,0.7581554651260376
Putamen_L,45.3028678894043,547.2564697265625,10.505075635185808,1.4557627439498901,116.18343353271484,18.386950004349885,15.038647651672363,64.72204018051573,31.224349975585938,13.189499855041504,6.308676242828369,3.3341357707977295,6.444976329803467,41.54626286700102,-0.0424337312579155,7.263735771179199,11.731575012207031,38.82229824671014,8.04462338570118,14.452106297082372,34.6545076143252,7.727590084075928,30.637519734063712,28.92582893371582,7.944012914274153,4.0413432121276855,2.7677712440490723,0.8495200260631961,62.50994898673454,1.77187618042346,65.43643718526668,11.362821473899356,17.340490341186523,0.8855627775192261,5.796144485473633,8.971997261047363,1.0336933135986328
Putamen_R,41.302757263183594,554.989990234375,10.391502213116441,1.4926398992538452,100.28250885009766,22.171800686812247,12.946953773498535,60.63243808143339,35.92323303222656,12.012396812438965,5.290903091430664,2.9806768894195557,5.7267255783081055,38.56490253889565,0.0013069589622318745,7.437677383422852,11.52839469909668,41.06415696337745,7.7098784805816,12.71642660117499,31.885763731898745,9.457077980041504,26.026957576065037,26.76080894470215,11.508267369963221,3.833101511001587,2.753692626953125,0.8927155780713114,56.855719955316005,1.7411970225503324,64.58377626964024,13.74166065674305,14.291695594787598,0.8723279237747192,6.2036004066467285,8.176186561584473,0.9744471311569214
Pallidum_L,40.50159454345703,426.16510009765625,9.492915715407955,1.6086668968200684,45.34048843383789,7.983421270467498,17.16382598876953,41.17995984472182,26.449012756347656,9.384969711303711,5.8622894287109375,1.305953025817871,3.620415210723877,27.747021129053753,-0.01784747652709484,2.9877419471740723,11.741909980773926,33.076654030449134,7.595215871898535,8.946710221299746,40.83286605399385,1.0501201152801514,31.573298866781972,15.588079452514648,2.2758756620665594,2.884279727935791,1.9103114604949951,0.4190309679137617,37.79768719391199,1.4949117749061773,76.60549695011699,12.06842265951429,29.861225128173828,1.5826085805892944,2.2086455821990967,5.778247356414795,0.48376739025115967
Pallidum_R,45.094017028808594,418.8133239746094,9.890248413131143,1.687913179397583,76.21074676513672,9.951162822967422,17.35284996032715,46.34595619386418,26.04792594909668,8.51430892944336,6.366562366485596,2.6666910648345947,4.880429744720459,28.24830273416194,-0.012051109224557877,5.90797758102417,10.749918937683105,32.920349565612014,8.036639387418422,11.965358665787791,41.997969256777566,1.2610915899276733,32.871439073764904,21.883129119873047,2.53801871538783,3.017817735671997,2.189265012741089,0.561523984430057,47.325725644783745,1.5367153457495604,71.98070175988333,13.707395916998665,29.900365829467773,1.5534394979476929,3.0106008052825928,7.175185680389404,0.8355721831321716
Thalamus_L,16.395633697509766,385.79852294921875,5.121667329508715,1.0030189752578735,46.81312561035156,8.145375940099667,15.396957397460938,22.517390044443236,24.110563278198242,12.21076774597168,1.3482952117919922,0.14039789140224457,2.387997627258301,48.94627694115707,0.2781711220741272,2.2546119689941406,20.80136489868164,31.845910945198657,8.643416523296354,3.0988961178786125,27.52273923011913,4.535633563995361,11.89627819018443,11.222872734069824,2.543397925000948,2.7863569259643555,2.098423719406128,0.48470972368233406,12.255936928499182,1.7982222499016964,38.486779109402136,40.27745344406261,7.23215913772583,0.4404703676700592,0.7957592010498047,2.9066944122314453,0.06548810750246048
Thalamus_R,17.350252151489258,350.1180114746094,5.150977658273796,1.0278712511062622,45.64216995239258,7.787816348351451,15.370953559875488,22.903635520660202,22.630390167236328,11.506150245666504,1.331774353981018,0.35657167434692383,2.392413377761841,50.21674408910982,0.26707160472869873,2.3871138095855713,21.944612503051758,33.17944995527648,8.675018979518518,2.854870726629544,27.544436057961416,5.014513969421387,10.862019416399676,11.654181480407715,2.455570437169477,2.910822629928589,2.1458468437194824,0.4638765169579223,13.678450295092233,1.8143689066198647,36.3115243519266,42.55221663088014,6.7861738204956055,0.44458937644958496,0.8368148803710938,2.8438868522644043,0.1409294605255127
Heschl_L,19.34984588623047,418.447021484375,8.919704250686024,1.2424274682998657,31.273181915283203,63.36009984074787,2.5150582790374756,20.240038406470678,69.19518280029297,17.944320678710938,0.672816276550293,0.26631486415863037,1.9865230321884155,17.349645076399575,0.08722971379756927,0.7973511815071106,10.31544303894043,72.10203889387431,6.837837833674988,1.2008515119583658,16.057820033281534,9.60022258758545,42.216603102941264,7.507528305053711,35.40158006662203,3.3820533752441406,2.9154841899871826,0.9592399629272242,17.882350285183296,0.9955483131887918,31.86492003970676,15.100586464706234,6.6833343505859375,0.7320736050605774,3.6386172771453857,1.3035658597946167,0.45288506150245667
Heschl_R,20.69835662841797,542.6829833984375,8.779552033369596,1.2769575119018555,30.279144287109375,63.6247299597197,3.0596706867218018,19.635549939849696,66.76425170898438,22.94532585144043,0.8171188235282898,0.08378241956233978,1.9619780778884888,14.6720125224862,0.16898655891418457,0.7460194826126099,10.565951347351074,69.61173989766499,7.146292803323983,1.0192302996608293,13.978397347688917,11.312566757202148,40.760241174856006,7.288724422454834,34.074267203005874,3.5096023082733154,2.847956657409668,1.0512231512455978,19.328820675515363,0.9178299662436099,31.04766198039713,16.978958083417503,8.37677001953125,0.9616610407829285,4.187868595123291,1.169235348701477,0.46780940890312195
Temporal_Sup_L,18.33878517150879,557.1864624023438,9.74161976905298,1.3581360578536987,27.926193237304688,62.731671374416216,2.473806858062744,19.66344744004967,81.22920227050781,24.54878044128418,1.0470951795578003,0.11809231340885162,1.5200626850128174,20.6304532686662,0.06858982890844345,0.973683774471283,9.67835521697998,66.21464353502694,6.599046366536792,1.233377981574145,8.600692440414008,15.294073104858398,33.98837959382174,6.756840705871582,35.27791302769826,3.5495660305023193,2.867548942565918,0.9374988646545669,12.650441165629783,1.1081501347854132,28.22001075500603,12.73928785023305,8.097301483154297,0.8068127036094666,3.9011943340301514,1.337209701538086,0.49876299500465393
Temporal_Sup_R,17.13772964477539,489.052490234375,9.086582544615453,1.301152229309082,25.370424270629883,57.29420965184203,2.0391592979431152,17.420667114706387,69.26914978027344,22.603200912475586,0.9785709977149963,0.031149286776781082,1.430701732635498,17.689945998910623,0.048495035618543625,0.8515132069587708,9.166053771972656,60.1290914604405,6.146100634904388,1.1441560234986676,6.062210367911004,13.987787246704102,27.110223509964552,6.250709533691406,29.454462254757786,3.4616856575012207,2.6411595344543457,0.9127224316808693,13.215716030971798,0.9927611141446934,26.265312313075277,11.52070287271968,7.601545333862305,0.7748631238937378,3.8966763019561768,1.194280743598938,0.36290818452835083
Temporal_Pole_Sup_L,16.567453384399414,283.7882995605469,7.361711287913426,1.3661354780197144,20.942623138427734,41.87806338655724,2.9818456172943115,13.598649466325165,81.4810562133789,18.69626235961914,0.9775887131690979,-0.017765766009688377,1.3114733695983887,19.78118922962806,-0.16627293825149536,0.9927316904067993,7.457362174987793,47.34480940155393,5.1561738652328675,1.3125055219217092,6.855038813197846,19.217918395996094,11.604155729606152,5.7521443367004395,33.31254099260127,2.7316179275512695,2.424835681915283,0.7355511076525846,9.020581945171969,1.0833969723694155,21.828928648100092,5.180434535647942,5.981983184814453,0.40592846274375916,3.0245118141174316,1.4791101217269897,0.27850228548049927
Temporal_Pole_Sup_R,15.39421558380127,316.5263366699219,6.850721897422461,1.3119810819625854,19.479265213012695,39.33966919649623,3.049356460571289,12.665485900605024,68.93814849853516,18.807992935180664,0.9676355719566345,-0.08911934494972229,1.1927671432495117,18.57479508357942,-0.15264716744422913,1.0607441663742065,7.440622329711914,45.05960207649745,5.1926094495350466,1.2232227832249383,7.571105974530984,19.103456497192383,9.747089578757514,5.265462875366211,31.13101207217266,2.7884838581085205,2.2803051471710205,0.6661471088925577,10.040145103397618,1.0019245454214682,20.968504506011907,6.877431241212578,5.80187463760376,0.3372456133365631,3.2139811515808105,1.3625353574752808,0.20840460062026978
Temporal_Mid_L,15.470088005065918,532.6160888671875,9.448130953080042,1.3435330390930176,24.129920959472656,62.83241852805632,1.906334638595581,18.34903901603118,84.21824645996094,27.575319290161133,1.2141501903533936,0.11406102776527405,1.2493840456008911,22.107888519192045,0.017044391483068466,1.1399790048599243,9.671879768371582,64.70665715789423,6.459396263660051,1.2864732210115113,4.863552397198872,18.315723419189453,29.379658360189147,6.200220584869385,34.416424569180506,3.5761895179748535,2.757784128189087,0.8328391001081019,12.179609605225528,1.1227144495340415,26.950529860665036,11.580055938802323,8.76473331451416,0.7849215865135193,3.848951816558838,1.4796228408813477,0.5403481721878052
Temporal_Mid_R,15.284482955932617,493.7696533203125,9.027491304942957,1.3002060651779175,23.062143325805664,60.27043466868379,1.7930619716644287,16.665850831557286,68.14768981933594,26.35627555847168,1.1389765739440918,0.05450712889432907,1.2434829473495483,20.686404329729314,0.002608412876725197,1.005284070968628,9.125286102294922,60.64377909164129,6.223859280193004,1.216289788945667,4.341260086372684,17.12962532043457,26.696042734183916,5.96649694442749,31.96744768462308,3.607177734375,2.691854953765869,0.8498182726729638,13.646115030187092,1.059840398869887,25.81785991637726,11.454000862740921,8.729737281799316,0.8190134763717651,3.9304542541503906,1.315199613571167,0.37671205401420593
Temporal_Pole_Mid_L,14.01986312866211,391.0412902832031,6.571129739926493,1.4283270835876465,21.60931396484375,44.033813768295374,3.9779553413391113,14.80845930987077,76.99768829345703,28.08525848388672,1.5009797811508179,0.09980820119380951,1.1349483728408813,23.738833121006426,-0.16039495170116425,1.3431437015533447,7.802640438079834,52.78333598209734,5.9003980279008905,1.4413340851079386,5.026295154492988,33.09926986694336,9.528935265507911,5.982880592346191,36.203431793073,3.133206844329834,2.5024631023406982,0.6688174530941099,12.408068175243939,1.0312506482802652,25.508731921589302,10.928592046287644,8.39316177368164,0.39715540409088135,3.4580461978912354,1.702621340751648,0.2947370409965515
Temporal_Pole_Mid_R,13.425222396850586,307.43426513671875,6.363068479266371,1.3694255352020264,19.56917953491211,40.77751863132923,2.596687078475952,12.093297133034024,68.27517700195312,20.81603240966797,1.025957465171814,0.05505038797855377,1.07161283493042,19.620035999751686,-0.16464796662330627,1.2457573413848877,7.626588344573975,45.4116449221351,5.332429038115331,1.242005135833322,4.970526572296139,21.667722702026367,9.173333782474035,5.445757865905762,31.154201488932898,3.05767822265625,2.3413336277008057,0.6063543880463947,11.621205933536558,0.9606107251365789,21.741252269502812,8.879112323110057,6.129996299743652,0.32581204175949097,3.4679646492004395,1.536210060119629,0.2297300398349762
Temporal_Inf_L,14.56495189666748,535.3953247070312,8.306672594458277,1.3695929050445557,22.13748550415039,63.11813517561373,2.135883092880249,17.388227074609084,80.7294692993164,31.238601684570312,1.3908857107162476,0.07440333813428879,1.173787236213684,24.337303364864315,-0.02001858502626419,1.2981356382369995,9.205053329467773,64.20912286280415,6.515583383784533,1.4045216384779269,4.105228068497679,23.84392547607422,22.98744723164793,6.14748477935791,40.91896476718514,3.4617063999176025,2.6602940559387207,0.7394657164447892,13.472191284755235,1.139144046676313,28.176454370664434,12.190247368930086,9.170757293701172,0.639764130115509,3.857264995574951,1.7342864274978638,0.4991203546524048
Temporal_Inf_R,15.354598045349121,429.1000671386719,7.992911362934552,1.3413770198822021,21.56511688232422,58.359223724446615,1.6934767961502075,15.936229945350915,69.99359130859375,25.056116104125977,1.114203929901123,0.008601654320955276,1.1341841220855713,21.720163863645475,-0.014445310458540916,1.2801657915115356,8.929177284240723,59.846067409761964,6.009162377849896,1.2653412840022673,3.3445165591626065,18.637359619140625,19.440318564900203,5.858727931976318,35.418679011784235,3.4799160957336426,2.5934557914733887,0.7330231019817782,13.212189853723666,1.0484969701209284,26.197584464531687,11.875934264783723,8.001789093017578,0.6852743029594421,4.055239677429199,1.6183866262435913,0.3721427619457245
