,H3_cban_hc8_gallezot,GABAa-bz_flumazenil_hc16_norgaard,CB1_FMPEPd2_hc22_laurikainen,CB1_omar_hc77_normandin,VAChT_feobv_hc18_aghourian_sum,5HT2a_alt_hc19_savli,5HTT_dasb_hc100_beliveau,D2_raclopride_hc7_alakurtti,5HT2a_mdl_hc3_talbot,5HT2a_cimbi_hc29_beliveau,5HT4_sb20_hc59_beliveau,DAT_fepe2i_hc6_sasaki,VAChT_feobv_hc4_tuominen,MU_carfentanil_hc204_kantonen,NAT_MRB_hc77_ding,D2_flb457_hc37_smith,A4B2_flubatine_hc30_hillmer,GABAa_flumazenil_hc6_dukart,NMDA_ge179_hc29_galovic,D2_fallypride_hc49_jaworska,5HTT_dasb_hc30_savli,5HT1a_cumi_hc8_beliveau,5HT1b_p943_hc22_savli,VAChT_feobv_hc5_bedard_sum,5HT1a_way_hc36_savli,mGluR5_abp_hc22_rosaneto,mGluR5_abp_hc28_dubois,mGluR5_abp_hc73_smart,D1_SCH23390_hc13_kaller,MU_carfentanil_hc39_turtonen,DAT_fpcit_hc174_dukart_spect,NAT_MRB_hc10_hesse,5HT1b_az_hc36_beliveau,5HT1b_p943_hc65_gallezot,M1_lsn_hc24_naganawa,D2_flb457_hc55_sandiego,5HT6_gsk_hc30_radhakrishnan
Precentral_L,0.3641668087614597,0.5591371425467232,0.8177875829361995,0.7102047553110541,0.2041315910179635,0.579718034132202,0.0669339122110827,0.2628102166164933,0.4088624016472256,0.4410817325104393,0.0796736605343654,0.0229357945569123,0.2004489832307334,0.2605137553934364,0.2949573778261845,0.0507137000142326,0.4527725794475362,0.6480970249645638,0.6479181131067584,0.0382134411080109,0.0619980165097945,0.2254904815364353,0.6938796335786799,0.1967502150445106,0.3214944368919412,0.7504107518886327,0.7666069031156146,0.5844920835145812,0.1118963935090087,0.4680214346342514,0.283369033910445,0.3200713346962984,0.2213212590924078,0.5105655119135954,0.4784224974025536,0.0559117382229104,0.2370984834016972
Precentral_R,0.3733805298556948,0.6079916623576777,0.8563556490423476,0.7707985356843254,0.1807682457672,0.6987954412150221,0.0715548320484384,0.2572189203744522,0.4953617810161079,0.5773851039208778,0.1109838567505781,0.0246814923816066,0.1786178256367686,0.4057256560203408,-0.1573268371739322,0.0792936839736529,0.4701969883958667,0.6525225742676427,0.606971114802839,0.0421100196264674,0.0497844546828408,0.2974990328792091,0.7214681374532893,0.1837044066898047,0.4169848007810142,0.8035244960332429,0.8209724145748354,0.6281217146868494,0.1242624761411189,0.6145241862785438,0.2690268729090746,0.2603827833261047,0.2539068114031005,0.5017451193265261,0.5017103138357863,0.071478540301734,0.3532006580828964
Frontal_Sup_L,0.3835904301788289,0.5833443522734361,0.8934936894315728,0.7545177912772449,0.1774285307151541,0.7139758598458251,0.0713201141891016,0.2640888054271671,0.4824666215251573,0.5977911420513597,0.1116922430330515,0.0102442752820843,0.1800573131514686,0.4285651806212769,-0.160574349943014,0.0702963340030799,0.456738361469504,0.6763763549316175,0.6199214213494983,0.0433618848227777,0.0560131288686369,0.3076560580769548,0.7390963697986691,0.1833761773872413,0.4277413621118925,0.8002950570191466,0.8258990943791007,0.6362308186134532,0.1384614562864339,0.6576124104309757,0.2836575820877974,0.2325493803925485,0.2641351622562906,0.5273561088177713,0.5159525139830128,0.0644135142983694,0.2975650967427065
Frontal_Sup_R,0.3866231330323029,0.7990591179885036,0.8989055015976278,0.8140364434762821,0.2078016100843194,0.8410189477198665,0.1222361039498055,0.2740758244702047,0.79952819883568,0.83796945950296,0.1682562580846755,0.0466029810833931,0.2191789677417923,0.5710903649102567,-0.1087046627156098,0.1121151495005109,0.44612533687744,0.8166889519938973,0.7367900915469475,0.0615921066989828,0.1202502129334694,0.5039004697571214,0.7698787504429262,0.2271100985034089,0.576197921276043,0.8719329591563071,0.845723419402052,0.6348221184249476,0.2749615430128548,0.7265071747029709,0.3586538280294429,0.1879278330158124,0.3333797938213249,0.5646927590428449,0.5467641432562128,0.10818866159337,0.3687777987666827
Frontal_Sup_Orb_L,0.3817575547064953,0.673532291262175,0.8795884699660621,0.8041660704718515,0.2025523536787691,0.8080292288278975,0.1306614494502077,0.2610671860443453,0.6049013957930491,0.9082126261744596,0.1757283875572223,0.0240201182691058,0.2030832130138179,0.5634280068822906,-0.1820728724214618,0.1097762268607264,0.4569036766282522,0.8141523832254737,0.7194578978940932,0.0590020394908268,0.1109623582487675,0.5306612119307988,0.7216616957371209,0.2176825438586947,0.5492240843112598,0.8804932939923974,0.8633116285730892,0.6437097324181561,0.261322332171112,0.7188830591286335,0.3495222945106819,0.1857456147915466,0.3582748223556131,0.5569923672873586,0.5667112327518758,0.0937239279425065,0.2868218911510777
Frontal_Sup_Orb_R,0.391393686780974,0.6374581458000937,0.9474841104518692,0.8038845582270576,0.1961862691373582,0.8487567611078198,0.0797603738602715,0.276862515101371,0.5433987393987906,0.6337033390322007,0.1217222681632808,0.0328116800002345,0.1869673896195609,0.4720325347676802,-0.003205152778739,0.0859388563489794,0.4968901715444634,0.7553438126359167,0.636743806056676,0.0485809853811588,0.0659071466886437,0.3161870330807135,0.8688355011814074,0.1964670882165499,0.4450730551716049,0.8613413124308948,0.8792378630005552,0.7216770800666877,0.1501631254450403,0.6659558212207477,0.2913604463014422,0.2278404937178489,0.2772071182400707,0.6101878873141621,0.5700833204392995,0.0815973818485704,0.4257398704315688
Frontal_Mid_L,0.3773450798362226,0.6017251515523426,0.9723583301111228,0.7784278282693381,0.1824810822151645,0.8293886875219489,0.0795653492661101,0.2680427606951142,0.4867152493758139,0.6743006952164147,0.1260526321505306,0.0091116471144338,0.1867819995346289,0.4663369310336189,-0.1053724316398528,0.0677785576172238,0.454103053576105,0.7484120999670787,0.6456624552004686,0.047579723953297,0.0760304849158115,0.3413929704612166,0.8659662287193056,0.1927785926775077,0.4508877537781552,0.8609767240399792,0.8618317220668952,0.6941786197480099,0.1586342455835787,0.691240150526549,0.29214251818924,0.2182683283405396,0.2960192462518347,0.6164440813466042,0.5685135534934838,0.0667349272482969,0.2796178531625436
Frontal_Mid_R,0.3697200416811393,0.6763359442118373,0.9404311897040892,0.8321256886491523,0.2144415580236787,0.9109274696412756,0.1089505317770898,0.2582946089912947,0.6226856897020221,0.847410744714734,0.1652741919743396,0.0499838650325481,0.1955863916316066,0.5417699474849219,-0.0234613646889812,0.0982889407190949,0.4658140506933458,0.7960563956108739,0.7151643269716994,0.0562494459960618,0.0877456121801557,0.4681017316338161,0.8489610609479251,0.2103626726908802,0.5074732547704601,0.9095459741831304,0.8828312221017354,0.6708767174963192,0.2343354716037501,0.6932915548172067,0.3114966074444336,0.1735454826361167,0.3423446373508004,0.5926102617807042,0.5671922897444276,0.1027449329127329,0.3994852874695776
Frontal_Mid_Orb_L,0.393460650267875,0.654482508857739,0.9099570131686876,0.8222075023507615,0.2041634558336581,0.8041847164684767,0.1121607606642022,0.2345360116502444,0.5059563652759927,0.920968454462732,0.1723119930729155,0.022819533137653,0.1782830580874135,0.5082810373409022,-0.0930492861270679,0.1021019522449759,0.4673519944769787,0.7439310525312933,0.6597178122408235,0.0582018741588954,0.0852919908582958,0.4840568563375083,0.682545524715303,0.2007007368386,0.4660774375887855,0.9042965502976824,0.8730667291328768,0.6284706707225559,0.2250813000567879,0.6789132147464102,0.2912279783986814,0.1693977804989191,0.3807827280275966,0.5835637825371013,0.6297242798230547,0.08281991520672,0.2399811422761752
Frontal_Mid_Orb_R,0.3942231625038155,0.6280432092679815,0.8957192872261227,0.7855538453259009,0.2135242092157446,0.8273914423719557,0.0877358829645244,0.2709730419477797,0.607267252989203,0.6150101308195862,0.1218015186738357,0.0440712901874298,0.1957063412176372,0.4460792396303112,0.141578579805127,0.0877538235818319,0.4905556110372466,0.731829801175293,0.6895112606318344,0.0564002708899142,0.0815372900849194,0.3412848067357748,0.8356055562320703,0.206699349475931,0.4843890755947537,0.8475414648500804,0.8790571594721883,0.8037761474212741,0.1646997784148385,0.6614671701783063,0.3342820677063657,0.215061106993102,0.2771769773971746,0.6261716828929571,0.5514195235887028,0.0913276703500204,0.4588387680758294
Frontal_Inf_Oper_L,0.4144506825812835,0.5568390195222354,0.8807488377077044,0.7715686334056583,0.1956312697431344,0.8230877630386624,0.0789176098614503,0.2658800770596138,0.5361313054298824,0.5955735614664689,0.1113412283381625,0.0171460263805779,0.1897410457680269,0.4385524859173663,0.1448233471975302,0.0747171261076783,0.4779603255787312,0.7590019682431309,0.6761572604909908,0.0530987384783329,0.0762830059945199,0.3253466783928553,0.8331680647242484,0.1971477465412369,0.4749921212514121,0.8295282615587793,0.8709768779760692,0.7986927993474728,0.1977420646243507,0.6507943508869972,0.3280009210530299,0.1879697376639498,0.2675762099251977,0.5996786428443216,0.5831696694200329,0.0802549681801981,0.3692831181855253
Frontal_Inf_Oper_R,0.3678757986253644,0.6343565589520002,0.9117461496715034,0.7975213644911218,0.2068794511831352,0.8217354229602066,0.0994176493761026,0.268561013809928,0.5835658276188992,0.6490702057168604,0.124906313070393,0.0467159151293024,0.1906650367580281,0.4323144312919611,0.1417559043543977,0.0855512090058046,0.4959414346278936,0.748121570372689,0.6692765525226358,0.0525325234393993,0.0831679400339247,0.3394865917660266,0.8490120401014057,0.1982147596529351,0.4328169586266865,0.8729991147227517,0.8771414291296977,0.7455745247390131,0.1673269480829362,0.6461884609239619,0.3275722557207897,0.1935085640195979,0.2921515541543554,0.6457722623798356,0.5563279805606395,0.0885984517562568,0.4520261673982799
Frontal_Inf_Tri_L,0.3757506710031892,0.5606631886250737,0.8383806850472599,0.7547855315983723,0.1822092544880796,0.6844542707772894,0.0824351489812309,0.2315319038121781,0.5000881629706733,0.5737456631886084,0.110105145064853,0.0131613023806777,0.1784759947307266,0.3607688165653599,-0.0061082128452237,0.0599407638124008,0.4444505430846331,0.6573310572865462,0.6188714988696155,0.0448435395374782,0.0787455600958252,0.3071626620825903,0.7319172466748143,0.1837934082469611,0.3794034821456404,0.8144940049987546,0.7928950519504582,0.6554011300478504,0.1518430528958202,0.5895549603046324,0.2883917583632751,0.1428091557502815,0.2645521903207005,0.5430627100284027,0.5475045797840151,0.0663176281734101,0.2783292266580312
Frontal_Inf_Tri_R,0.4029490458597787,0.6348080471125078,0.8872884934239158,0.8041469310292175,0.2124621636094939,0.8456734800257947,0.150040830891467,0.2534575508323722,0.5994157716573889,0.8492709672276586,0.1664889295696733,0.0439987896495082,0.2003199333831258,0.4978229897172835,-0.0820286410551503,0.1141534314787722,0.4593515056586544,0.8430487030106562,0.741327481619677,0.060425400475039,0.1319170697720983,0.477512087198798,0.7053364641591414,0.2094571449012608,0.4952896011579175,0.8659618508394559,0.9000420490929181,0.7083395321799356,0.2265855836298391,0.6584587227389516,0.3616680727216815,0.183277395689041,0.3704072611555087,0.5534273313496361,0.5591002554748145,0.1119140128197592,0.4320336876537264
Frontal_Inf_Orb_L,0.3927086635721578,0.5215181591193969,0.8306631965235544,0.7755625618942031,0.1948507213005704,0.702174646469895,0.1138037788098362,0.2150528868943979,0.5269678828244313,0.6490061653659216,0.123793931745809,0.0161331763909573,0.1846096820124451,0.4184654366264799,-0.1412361175006219,0.0867354198695468,0.4397593560600826,0.730174804740156,0.6588163316039576,0.0556224337216821,0.1170689687216578,0.3542361729589794,0.5525670726317254,0.1940703763452027,0.4230267923151831,0.7910422992147427,0.8338730088494154,0.6494184588155982,0.1872372151806256,0.6083786832792601,0.313640569386511,0.1230072114144611,0.288082508468301,0.5104827678882075,0.5803746810215887,0.0946737028691341,0.2909006292981125
Frontal_Inf_Orb_R,0.3910075678634206,0.6797137355816532,0.8587218763369766,0.7773084180636224,0.2514481992357041,0.9335348542993148,0.1427296859239135,0.293667585282453,0.6046217821485238,0.6606629180071019,0.1440750502054091,0.0470851083197902,0.2598396763266313,0.4547999819580996,0.2942511865919767,0.1099551367039493,0.4540822805356524,0.8990165008230764,0.766517188169271,0.0772893382772793,0.1998645575692555,0.4183242390729282,0.7679027097020207,0.2374916298313306,0.5862021467918509,0.8972489623094657,0.9603818552143284,0.9630571338672272,0.2205798303509553,0.6255878406098259,0.3904621176743321,0.3402383329234717,0.2771206507002914,0.5470340466242434,0.5795988867856177,0.1200826950257663,0.4579150544419904
Rolandic_Oper_L,0.4077704169166482,0.6869941230083919,0.857986394553376,0.7893304599215127,0.2315839095321601,0.9001211885269353,0.1300227849509298,0.2838139238558023,0.5451433191212556,0.6587779833147591,0.1464734430930591,0.0257922384326111,0.2438259904210498,0.433531686673727,0.4154148106134709,0.1011481323815837,0.4548919510726233,0.8254910632438033,0.7383419099728793,0.070633512943006,0.1602461993846571,0.4297053644638305,0.6994715550264646,0.2255849392023258,0.5447504705388465,0.8800970843429816,0.9293356082764944,0.948341119459799,0.2345184837631334,0.6067870756820757,0.3680628425506046,0.3364272333919718,0.2831907931940765,0.5572140851196112,0.6215219448768717,0.1125746466689789,0.4116212279939404
Rolandic_Oper_R,0.4684815224141379,0.5882245288447416,0.8505589707661756,0.7499376732172527,0.2072058808561243,0.650972568301911,0.091082860577248,0.264786606747187,0.4649694066735491,0.654351274766916,0.117764330083872,0.0027825112152817,0.2097880526882949,0.43584558725061,0.1784655010341901,0.067026483144569,0.4519634738677324,0.7015543561270414,0.6555788851563391,0.0437020930419018,0.0645701693784716,0.3206081487352088,0.7409879050535988,0.1938659645451029,0.4149564813988852,0.7647775993116949,0.8110964168521333,0.7177661893810031,0.1418821595226457,0.6483285913738214,0.2847045313842191,0.3262813912249998,0.3081335367558489,0.4981558665438675,0.5328998862634766,0.0723365232501766,0.3296943531081108
Supp_Motor_Area_L,0.4317450714157904,0.6478472827213227,0.842571439899527,0.7358679228732724,0.2202907299160548,0.6221214128553002,0.0929201476474053,0.2832058018905983,0.4295843839851576,0.5777819075618916,0.1068843350360693,0.0240520400476846,0.2151025684563478,0.4223837721004428,0.2996520255148077,0.0712572381352922,0.4777079635580029,0.6981930072694721,0.6983729542948678,0.0396236491050463,0.0795308011215469,0.2987414668516911,0.6835588110077772,0.2071263723202684,0.4012285274561341,0.77774379016888,0.8048797659251106,0.6676659255110257,0.1436670215290789,0.6320102889916274,0.3010041565978107,0.3567996740918362,0.2840521833994699,0.505165984062981,0.5011369809113726,0.0693519718859446,0.3302878662909883
Supp_Motor_Area_R,0.7107693538370857,0.5267987598159442,0.7643314510027059,0.8269980836544781,0.3337440354022863,0.7361926780376645,0.2534831973695882,0.3307446404367709,0.5976382924099438,0.5911590035626627,0.1678586480216788,0.2067522984038118,0.331238238559288,0.700371796422892,-0.2630139961177963,0.3071145292262953,0.4161527077484397,0.8618582669521513,0.7518663415428293,0.2518795216033143,0.5823958811024681,0.5535627214193934,0.5525341557990038,0.3433073763316852,0.6345225354421473,0.8208163688624524,0.8775624819978826,0.7852417711351384,0.3952054703511922,0.9285413323114028,0.6249355249515623,0.130940169478471,0.2775208062716938,0.4530690726936958,0.667735699286689,0.2745079333460957,0.3129989477869852
Olfactory_L,0.7378466849811066,0.6490130637817566,0.7817541460320709,0.8264715017936695,0.320090856587316,0.6870427949632771,0.2850387249088827,0.3361428548654403,0.4994331457090875,0.6115770162408912,0.1859100512603349,0.2391341975213915,0.3160690273337084,0.696007190887062,-0.2740793908295741,0.4570969307485475,0.4267110184117802,0.7916988560484864,0.7926977275521705,0.2796400242011918,0.5221477986421954,0.5574014470200029,0.5342761547851828,0.3495177035455227,0.6286772878005916,0.821145973286408,0.8698176780873009,0.790937091114827,0.4069587326005731,0.9196848267432236,0.6190983895560427,0.1325947643703753,0.30008641012865,0.4921204111244427,0.6936877958950162,0.2592319996309453,0.3544620970360898
Olfactory_R,0.4644347048112244,0.5675947793160477,0.8879065489404131,0.8002135990048055,0.1790922319784849,0.7788908844898204,0.0814170215382883,0.2378164037508987,0.5762686612698519,0.6717851010094191,0.1268442478528307,0.0002267290552596,0.1936395090445872,0.4583369459438805,-0.1460414239575121,0.0955116829530053,0.4546728346082678,0.7005614136518254,0.6232054731497746,0.0486296440848787,0.0729539596697107,0.3573276995319815,0.7841705579473877,0.1818117512387519,0.4742993847861262,0.7911931491363562,0.8909588670282129,0.7667184274514058,0.1619841918914001,0.7139869702806224,0.2681971271562707,0.1981451805818438,0.277340981856616,0.5382866435324867,0.5895976623328109,0.0869965332567445,0.4103857080318773
Frontal_Sup_Medial_L,0.4271253276074394,0.6727386861372613,0.8912651175178923,0.7952463839519093,0.1875663029491945,0.8352735007053331,0.0885939939267243,0.2693375806661571,0.5640359198177173,0.7582953386020561,0.1448781064421331,0.0052752247480921,0.1914133853010059,0.5001679988787905,-0.1466329387990453,0.0929656496306563,0.4674390413389589,0.7481621818863639,0.6969133029802099,0.0489467234784392,0.0752529369057764,0.4058118804896156,0.849330389535294,0.1841650420874005,0.5088470312523319,0.8657148392548663,0.8937509011093319,0.7451050526823083,0.1754108193974667,0.715197817881831,0.2903188501937109,0.226102659384203,0.3209410985415468,0.5345300195851379,0.5747229819645712,0.0842273412727559,0.384880382846852
Frontal_Sup_Medial_R,0.4792995463492164,0.5902227462310597,0.9782553001033906,0.8509147594200311,0.2053394497581656,0.9857531536110772,0.1071790223140725,0.2545460608276283,0.8082041073602636,0.6725039260667942,0.1355766710913386,0.0098732061144795,0.2304886877459799,0.5515078231413459,-0.083718098990837,0.1107816961726997,0.4566539221021413,0.8765876708963027,0.7025276706997654,0.0545258161765088,0.1960820351052893,0.3989736594301549,0.8576599962706277,0.2204809084324153,0.6399302921698065,0.9219993225027376,0.9791272573491184,0.8694282800596592,0.2946604475305406,0.788150839995786,0.3299576642688069,0.2468869673210989,0.2528107053639792,0.5906726128875948,0.6547126867223274,0.1070280846648761,0.4491875909903626
Frontal_Med_Orb_L,0.4620819939583399,0.646012236858254,0.9323059884480877,0.8535353799306489,0.2076826382557058,0.9265379942825728,0.0950361188103924,0.2827979639392444,0.7223090062999036,0.644191927581692,0.1302599869873751,0.0228437543597752,0.2209897718238885,0.5855192203088531,0.0055442882023048,0.1036543367265164,0.4618145016160817,0.8701974112111465,0.7500016366109309,0.0548658499244377,0.19821312415548,0.3966378300651467,0.8245136954241383,0.2219775984448877,0.6603030577693557,0.926102947726638,0.9345104242896368,0.8316661644148945,0.3077745659833845,0.799379318649706,0.3684301553862288,0.2041875746829587,0.2458132296037554,0.5930652221023641,0.6211346242432586,0.1131672520129794,0.4332135639529627
Frontal_Med_Orb_R,0.4869620554274948,0.7108922524712136,0.968366473382644,0.854593346169237,0.2210668130160795,0.9748453495098032,0.1075338504275331,0.2768533430296008,1.0,0.5935512129688578,0.1259347253661326,0.0171637716268988,0.2476001574419238,0.6316314382557457,-0.128717963195132,0.1497107470601887,0.4448184605751594,0.966209874017796,0.7436544295508832,0.081160615940504,0.2086645905539884,0.3978472465171113,0.7913326507218972,0.2447956755694599,0.7130603509640021,0.940539291124538,0.9724354468555018,0.8527819431206488,0.3514187888816433,0.8516489619442562,0.3928954108658261,0.1531686380955026,0.2241928202534726,0.5574420548900589,0.6560399074765642,0.1286037170562662,0.3956661428666323
Rectus_L,0.4777416821918385,0.8633580337328454,0.9465612288033646,0.8551808069951767,0.2267574980817085,0.9235994367378356,0.1788573857391784,0.2821686479747153,0.8357089505064459,1.0,0.2155332461181386,0.0450564295704514,0.2452145571631451,0.6512890368061229,-0.072562200593237,0.1648941462782906,0.4530447149691138,0.9299094244906372,0.799516767421388,0.0903309005467877,0.2115399870791922,0.6730771738429017,0.7807729708251947,0.2478918714328904,0.719957654833402,0.9139489394548472,0.9220259859862046,0.8267051868985046,0.3531350364428268,0.8668792690355899,0.4152333105972775,0.1600250937338785,0.3733380355174589,0.5675785181294533,0.6512357173114337,0.1368328277079251,0.3837072818122605
Rectus_R,0.4762465081520309,0.6477180331694912,0.872232871145043,0.811986969358953,0.2681918875889416,0.9294630954103216,0.2356607426930043,0.3174089353479887,0.5731946563415159,0.7128205847641255,0.1716363274678655,0.2174550796999995,0.3027339257381662,0.608853175925529,0.0105005702883925,0.2889454633111808,0.4656327863591874,0.8906059621103646,0.8298614290190631,0.1782942779305251,0.3409940606146304,0.6312567086865001,0.7440302287824901,0.2926084033691021,0.7157621008139959,0.892281887944879,0.9409580321474066,0.8687813182622457,0.2995967305810906,0.7843727533006765,0.4615561230353047,0.3327786447408076,0.3237224125968183,0.5089173729536484,0.598052728027817,0.2120850301042079,0.5440835044736352
Insula_L,0.5080801204121802,0.5256212287962528,0.8744022803159828,0.8456089669206869,0.2495756118750531,0.9620142948380346,0.1978872768425121,0.3031022680996558,0.5789246030791887,0.6262751279134104,0.1438551897222582,0.0683717882646058,0.2754909979546607,0.6151174046928917,0.2434684408638899,0.16536440068368,0.4710717593817873,0.9556760819456565,0.8129952213497563,0.1199685130845219,0.3428064355936273,0.5526600196221592,0.7291993689405073,0.2601485348454531,0.7766433408830502,0.882746603634958,0.9955533766593656,1.0,0.3182145056854881,0.7813130833873146,0.4536485586429258,0.321085761488448,0.2719893077512743,0.6102464521568923,0.6943396844232308,0.1896859405594557,0.4976094559860357
Insula_R,0.5857242518972287,0.4719280596672588,0.8960532957099598,0.8588002097852413,0.2413041722387684,0.907504164879645,0.103314177428593,0.2979360269675188,0.6332819868055454,0.4767369169554548,0.1034089403488662,0.0216470172719146,0.2556839271993871,0.7074368629109085,0.0738027626578203,0.1167618207917199,0.4567899029464428,0.922861085851228,0.7259483887495664,0.0613148124038357,0.2953832541061463,0.3238756294365377,0.8368659393049062,0.229581437166615,0.6276305340469136,0.8919362959070175,1.0,0.9427705654308668,0.3065753158338312,0.8694475443349343,0.4043592721516839,0.238362255406482,0.2002120001635579,0.6078156157296656,0.5869210453921488,0.1296584910575998,0.4540494055757602
Cingulum_Ant_L,0.5295221615249402,0.6274240829901232,0.8274966881207882,0.823268222974083,0.2306560704525986,0.7665604156805674,0.1244897169025217,0.3004252345165369,0.5736679829062084,0.5608082796249431,0.1239713630129132,0.0345567096686953,0.2364650995720287,0.6506235166013966,0.1187958504689478,0.0960249879150708,0.4565882132377808,0.7968520313024716,0.7583426987575256,0.0542006369587875,0.2405779259972999,0.396758086283335,0.713422093485,0.2228467772006991,0.5279394382240253,0.8765501938512935,0.9000180462697365,0.8224253926717765,0.2675041268256072,0.8278450482831308,0.4067243185061999,0.2284928170207145,0.2540920739279285,0.5840089506664077,0.5201839861403933,0.116936615822091,0.4082307414111555
Cingulum_Ant_R,0.4893576262801688,0.5012526180880965,0.9070897212976112,0.8254794995381814,0.2648652238138031,0.8994714947387724,0.1190744234020829,0.3146919331883921,0.481974776858487,0.556638730359834,0.1171429648877078,0.0350550961183188,0.2616484273009327,0.5795654116955647,0.3624500930696086,0.1053649552440899,0.4956403993743056,0.8895418614848236,0.7674568474818627,0.0601570762704027,0.2598272489906746,0.3168349009179038,0.8641104212778463,0.2416163137760695,0.5634816970838973,0.9032518098745876,0.9671181391662816,0.978592024852932,0.2797493578676439,0.7224395861084052,0.3974134791123477,0.3305882688573752,0.2275505579947134,0.5625885298928892,0.6408711816461519,0.1006172949081408,0.4461832656614134
Cingulum_Mid_L,0.443544580925616,0.6001426493341354,0.8841856439685298,0.7734809532883187,0.2591569236285242,0.8428613983781125,0.1283719353199549,0.313870733856751,0.4293310770334944,0.620896090627134,0.129210013684452,0.0432392189170502,0.2479719549174521,0.5780467142046642,0.2683801495499082,0.0865640751278694,0.4846322089729626,0.8471269869637661,0.7823153181705021,0.0522591024141217,0.2546785891645188,0.3486705892409804,0.8320790323595956,0.237088015435069,0.5312708559068331,0.9054117306137792,0.9406919138903936,0.8644752673002012,0.2808886699487711,0.7177304958230617,0.3985031165867057,0.2792099176952666,0.2563564326586909,0.5364455607208952,0.5497368425704962,0.0872859732875444,0.3390037108845232
Cingulum_Mid_R,0.3294065910932878,0.6251268452365384,0.7410296786505077,0.6854405059253879,0.2026769564356585,0.8011700286426243,0.0924251977738577,0.3096997037700106,0.4373517743896653,0.5160939095689198,0.1045459160138197,0.0301287109352513,0.2028797888739314,0.2941298073247825,-0.2363713877003267,0.0439843578703341,0.4122313835096999,0.7391889158398082,0.712704654635817,0.0417889946943904,0.1981254571125921,0.215195674364885,0.6665877455953738,0.2107905692308148,0.4378881601977221,0.7865251788400449,0.8144440480544548,0.6877427906399027,0.2510264721429073,0.4241369035334312,0.3924271848748994,0.1771194503909632,0.1841168697946844,0.3664738910398653,0.4754276610883733,0.0572935074444975,0.3102150059599264
Cingulum_Post_L,0.2549459513509531,0.6184207571882991,0.6254447750634455,0.6093158094197415,0.1669090537774992,0.5449202498790682,0.0647461730416422,0.2975154066832252,0.3486959571977826,0.3644038899905342,0.0714683397908378,0.028719062176447,0.1801681809723888,0.1935150062951999,-0.4767144917533705,0.018854979808231,0.3881221840687815,0.5763371072825394,0.6367106339592724,0.0257778562300126,0.1330288581330167,0.1482500184730937,0.4133188190494312,0.1866659710071534,0.3112130276307021,0.6882018842730373,0.6839131634051192,0.4410927003580863,0.1827309799471367,0.3458699110620793,0.3885559087740787,0.0973892925609817,0.1273901130252903,0.2158148162348222,0.3113039054202828,0.0336767774121127,0.1353466507935189
Cingulum_Post_R,0.3189158904080752,0.6060104260768616,0.5149947037518335,0.755871465435791,0.2988597944826096,0.2159655734600183,0.2938754981786438,0.2908119166573867,0.2999258047844312,0.4306035629914627,0.2214246906880191,0.0437926668034383,0.324328439538195,0.3476656204846522,-0.2554062225395371,0.1167025020611696,0.4623829789009358,0.6314934777871628,0.8189290166524698,0.1086129689724433,0.2823568061672408,1.0,0.2247864670860627,0.3150548301684122,0.6195577854770128,0.6488168988725016,0.7278515755324693,0.5140597584620813,0.1988129667445164,0.4823891438536089,0.4871326377537361,0.1420958502970677,0.1729082876983961,0.2583175070162941,0.3657228003335615,0.1627919605400655,0.1420878372986218
Hippocampus_L,0.3167071899965266,0.5433753367550395,0.5177462208512751,0.7531218125942053,0.280175947629412,0.2269865274443223,0.2367327219022518,0.2859392818575885,0.2997356791405636,0.3619359298300894,0.1884779924936612,0.0615583823922392,0.3122840213833951,0.2981383949052088,-0.2533730903159824,0.1349475155052526,0.4638732055330688,0.5774011709128587,0.7908429517177097,0.1066374992519925,0.2341876130570599,0.93053843690767,0.1804787424113506,0.3092552717638397,0.5654301047832442,0.6425340615819289,0.6879714066168158,0.4666344255874373,0.1891566576839225,0.472972919020891,0.4711759624615879,0.1290950284742573,0.1361750205069364,0.2954642452031251,0.3688560313293891,0.1649609404770775,0.2162905212721398
Hippocampus_R,0.3058592103739724,0.4824528039949861,0.5380053448458949,0.7293239284984323,0.1985413104926684,0.4696575628802766,0.2652093765467183,0.2519536735701149,0.372897274368077,0.4775760157791668,0.1982423481923468,0.0013633269843444,0.2184864970244734,0.2895641504562578,-0.5270101674824408,0.0803817122645682,0.3589602684745991,0.6958983572152586,0.6172099296731138,0.0668208529399421,0.2874982665274294,0.901252035523174,0.1135648484033062,0.2225440334338577,0.8750967973754595,0.6867819363796798,0.7465028127455473,0.5247704635946026,0.1443661979885021,0.4477569354154045,0.3973460719556049,0.1672355829987423,0.1853822589276379,0.1545472530904347,0.3708325272160194,0.1150370128215662,0.0594741956405813
ParaHippocampal_L,0.3867325986506257,0.5550854990614117,0.6007154916812479,0.779326958321639,0.230180593555657,0.5731992432656208,0.2701447511296849,0.2747673494243886,0.3852659445059344,0.5211511602338887,0.2004822400588871,-0.0002596772476509,0.2348835776901538,0.3673547060693035,-0.3644962156120813,0.147714746306243,0.4018994033791566,0.7985030947937318,0.7018056862559777,0.079748893805039,0.3219480224519863,0.9584000417274589,0.1118688902938425,0.2552956998021491,1.0,0.7777650873224593,0.8146505205000165,0.6483489726016037,0.203106790865217,0.503010955400567,0.419747032740154,0.2443998406474761,0.1927145213095121,0.2651459040426915,0.5007286762466071,0.1483942190226621,0.2510461296920581
ParaHippocampal_R,0.4799969265422548,0.4984179404172443,0.6394357824714069,0.8437547716184242,0.368282277941963,0.3065896022904165,0.5383648803882131,0.2978122066039685,0.3925025472893506,0.3968982927699441,0.1932560727143141,0.0797165001034368,0.3586018742839555,0.8576580648910852,-0.1589818439803237,0.2883521798391326,0.4201787663543149,0.7013987539541726,0.7219585789759415,0.2165334759871737,0.7405464872653377,0.6372809991051556,0.3090972739250529,0.3877427431338241,0.6483720802723048,0.7625684178433099,0.7993635318283857,0.5978281734790585,0.2817529730262988,0.8999765828832921,0.5598411564770063,0.3482198687795053,0.2804265430022435,0.4953705904157185,0.5775088234776412,0.3058060681639244,0.2206454451539155
Amygdala_L,0.5800435336343638,0.5354893435515057,0.6382236874175894,0.8278440328938512,0.3255480633382572,0.3235279477431133,0.4323854561458254,0.2988120845806801,0.3744902189518327,0.2973655584066197,0.1544074256295982,0.0800452687244818,0.337085859488262,0.7275476338293586,-0.0581262332767723,0.3044453626568636,0.4221997485158358,0.6531753747929391,0.7132211595750917,0.2098304890266881,0.6498766927842242,0.4475886009141924,0.2075984131979174,0.3682786185586792,0.5492218250856765,0.7300351574119227,0.7410833124345542,0.5459993936021422,0.2982524249103151,0.8593898158266835,0.552083680924949,0.2569882134623842,0.2274046220934738,0.4895467216756882,0.6012677045076389,0.2824151575588013,0.2697420256000059
Amygdala_R,0.3501668508636206,0.920646408717504,0.6568659374656234,0.6635859461968374,0.17828282297642,0.9456315374950972,0.1692082263900501,0.2987947794193514,0.6498519068926638,0.8345839496214341,0.12258434332718,0.0216345189514672,0.20189117122956,0.0491978592106026,0.0232074039541352,0.0390472275505611,0.3878417480226716,1.0,0.7739578607082725,0.041986974420469,0.1928917791141946,0.2081161607082255,0.9688102076881526,0.1889387334974562,0.3112156260002479,0.8082460336853715,0.8464012783951793,0.6781188376091463,0.228744313695846,0.1642431535400264,0.3571603438135481,0.2201588045941174,0.4679016289642465,0.8105763661821966,0.6520021340682818,0.0566498873649913,0.4256103907995712
Calcarine_L,0.3304880482490764,1.0,0.6392540368208336,0.6353020168735021,0.1777593108137791,0.9090316067632168,0.1406491487972322,0.3053970831494247,0.5959182742188981,0.6668569289253067,0.1000997610856906,0.0284359024809038,0.1966491246177242,0.0461951644997068,-0.048556191673468,0.0429579082237782,0.4258938295986622,0.9848444676984532,0.7665694781483116,0.0357904531087648,0.1822057465356461,0.1765771006749617,0.932549681438016,0.1954304566328826,0.2877249865632462,0.7860728060598602,0.8034817419595359,0.641562662350274,0.2036198123939894,0.1673677725925088,0.3783179851289431,0.2576185479582892,0.389230201596629,0.6528815446776686,0.6093165793139114,0.0571856782776798,0.404484221879019
Calcarine_R,0.3264376098603261,0.7174855087189124,0.7502822967349574,0.703220200629384,0.1781568740500886,0.7782519370624053,0.1122255696402605,0.306484374608546,0.6363184384450534,0.5688201912476152,0.1082576485496285,0.0256949401364193,0.1933227200607868,0.0896094324010994,0.087888373037819,0.057128481389209,0.4027701762066638,0.8496360006304053,0.7137900697613541,0.052439950617923,0.120570795805259,0.2162936114079127,0.6205773287966457,0.1841213902771857,0.3682592120790084,0.819553288369005,0.8493960119028314,0.7447554302329936,0.18421616451158,0.2491522329142908,0.3212160807223942,0.2211121605936965,0.2500357703230773,0.5370573091070477,0.6192348007781463,0.0753663029409254,0.4041171466898421
Cuneus_L,0.3271703558685149,0.7651355369872219,0.7630992154528559,0.6870456765976597,0.1930060094973895,0.8230231289310977,0.1092078441586077,0.3119779274042913,0.6133713106317562,0.5624168605388993,0.1042044038904857,0.0290163827617944,0.1859177521318102,0.0845403467293707,0.0941551104611011,0.0695274183642198,0.4311432377625714,0.8953717726946834,0.7558555543838865,0.0471808129880853,0.1217219456085845,0.217729525264338,0.7166145796671721,0.1948467290650171,0.3688607511702154,0.8246611245298255,0.8540500710130348,0.7160647242401557,0.1678995633882688,0.2515633723617114,0.335875869146385,0.2721213660493415,0.2512948601793409,0.5575208443762272,0.6244548667694654,0.0759308133094794,0.4019569905047117
Cuneus_R,0.3062733693306809,0.946073722946423,0.6461226770221625,0.6814460124348465,0.1770147970288398,0.8919585357499694,0.1465367770398656,0.2884437560743653,0.4997435259034959,0.712508776932607,0.1253808237469394,-0.0001924928045774,0.2042193769724169,0.0782317918098304,-0.1811420156303802,0.050249063337851,0.3909982506318611,0.9668685183506104,0.7798602294858884,0.0469395019076806,0.1875916823613185,0.2939882255899659,0.874490328315597,0.1998574722238981,0.3868013567189005,0.7834929597273775,0.8119300132264387,0.5985262111215925,0.2333664393794797,0.2132003386373317,0.3719152424478095,0.1988788005425523,0.3369808112230847,0.463039633597253,0.4645390242640735,0.0692210900908935,0.2544996406514956
Lingual_L,0.3203249444777753,0.8888839349486845,0.6445566302606472,0.6696766677199245,0.1737348387666592,0.8651307134857332,0.1264701896296625,0.2801368223746828,0.4950372133055245,0.6245873623675419,0.1077667447668823,0.0144119120788273,0.1985053005324392,0.0649253754327908,-0.1235340090299054,0.0643752556427323,0.4161702214206204,0.908932533441047,0.7507494085693923,0.0458448326173798,0.1859876731849885,0.2583030287291993,0.7704968708071066,0.2022148842781939,0.3607138511249924,0.7525587556610017,0.7892014268755196,0.595596976789334,0.2077631334548706,0.20785849103934,0.3623198679596683,0.2048766646306865,0.2999253400158186,0.498642952788903,0.5142538451315471,0.0761461992633575,0.3149497050482237
Lingual_R,0.3105899565295189,0.6829139898958398,0.735233201353152,0.7145989170889233,0.1815955161394224,0.6265011330256354,0.0837535108411389,0.290354977867941,0.5336242517458725,0.4635242068417635,0.0915744845449427,0.0355973328347293,0.1879481277691522,0.0937254973639016,0.0700002083807859,0.0620208942655248,0.4145275867280957,0.7549033029510438,0.6557413041811377,0.0455135746136164,0.0628957405181095,0.1785329081308249,0.5659130996627103,0.1824634786997958,0.2917077445430417,0.8059419884414861,0.7888107989905648,0.6060165786933226,0.1145907941233248,0.258688813197604,0.3022444826685039,0.166865005152665,0.2066280606590682,0.5143675189062754,0.5836112180169353,0.0678975304164481,0.3217018184694983
Occipital_Sup_L,0.3067202416664035,0.663195184126288,0.7820306216625261,0.7103534920866527,0.1839981659262187,0.6772485841766744,0.0731814109445804,0.2763735486944038,0.5294974297003726,0.4603528593987345,0.0910670004132074,0.0366608811338708,0.1827235973112056,0.1158239457310736,0.0074882592961936,0.0731888393595564,0.4270374767378886,0.7103260566856167,0.6584712897878857,0.047413940598417,0.0506660109005332,0.1827401761313362,0.6186401809269139,0.1867452135493372,0.3186994382515378,0.7969971839381469,0.7797313096678876,0.6235683825578957,0.1003575472996909,0.2926690882767496,0.3031267957852006,0.1879067177908778,0.2100580247905084,0.5415308721837937,0.599848592144455,0.0750319468238181,0.2871257689781217
Occipital_Sup_R,0.324717294515141,0.7879875981594413,0.8331868080713342,0.7478793003184775,0.1952323275039818,0.81753001205338,0.0988880623542313,0.303497049023437,0.5728796223832597,0.7079483526015937,0.1430946375986966,0.0380187019745388,0.1888872858617818,0.1976589297078688,0.1688338759447577,0.0973359542990933,0.4592432077155418,0.8285102153506054,0.7339152554855851,0.0530376893735819,0.06183592416872,0.3216036060816434,0.7079579452087392,0.1978374385487026,0.4085658693909786,0.8681617111159696,0.852010714089609,0.6425586364751847,0.1348303124895364,0.3557847044553892,0.3352073720167685,0.2088601864742637,0.2954495683735612,0.5986925690743131,0.6283317241732888,0.0894059315116646,0.4212358474812391
Occipital_Mid_L,0.3216949698443272,0.7057584860257976,0.8654078719289424,0.7362597517578978,0.1904582360780634,0.7750581752676438,0.0990866179865201,0.2643566012250366,0.5268064230731543,0.7475792336453799,0.156141893035085,0.0333457223055811,0.1844647437000109,0.2009622423053836,-0.0175291949382432,0.0805913954022133,0.4150765512615624,0.7642300941569313,0.6744349763883227,0.0556440515223847,0.044261941195618,0.3404921354773787,0.5851554644969205,0.1963466501027169,0.3864612601130007,0.8894854713886016,0.8403489544883995,0.6711464250014545,0.1322819380056867,0.3703533278283822,0.3009219702841437,0.2034934234160316,0.3301320143402794,0.5847078872267856,0.6333024030251441,0.0876685472650893,0.2692947716407142
Occipital_Mid_R,0.3191785657898892,0.8869480084422653,0.7577330499178646,0.7480720366245595,0.1861205826352678,0.9433519546252916,0.0810274532306443,0.3049683602541813,0.5631266907059423,0.5873829708078135,0.1164870721212039,0.0336854987447065,0.1837145825033043,0.1785702216222137,0.1415060349004068,0.105603023540288,0.4448868638506246,0.8907123177374283,0.7377699745337822,0.0587866103174256,0.0890025782514337,0.2903930216174762,0.7131849110466603,0.2022964182107176,0.4812939444562366,0.8422565850385904,0.8431976641319471,0.6152545398678148,0.1572273509912128,0.3148569282719182,0.3509259832357452,0.2580030729991427,0.233332241458707,0.5475598120290756,0.6117235552974956,0.1064296464080258,0.4518041693652401
Occipital_Inf_L,0.318911638089825,0.8242614124497256,0.7343693488907576,0.7038580172582685,0.1775989360664732,0.7899318091166115,0.0894177906176277,0.2565345352565338,0.5002670097007708,0.6812307299296895,0.125626214784406,0.0224046483401229,0.1768934925361208,0.1091692684453037,-0.0221384764782554,0.0831908572542271,0.3970734957993696,0.7596407057465755,0.684491487629083,0.050714719975062,0.0638459630121481,0.3095360784815039,0.5081829688007158,0.1917758209194376,0.3857867290176006,0.8442052450936609,0.7966543436118935,0.5504334656378346,0.1185051600787802,0.2562147125270355,0.3213581042835525,0.2562190046282518,0.287592153633713,0.4941367365168855,0.6180802563095638,0.0912325898845226,0.2642339084293287
Occipital_Inf_R,0.3430525119201743,0.7018154894240307,0.7040301165729884,0.7835398957091064,0.1916587893865374,0.9538752151824538,0.1765409697698071,0.2885297273546005,0.4839398932788533,0.8148059295612491,0.1841762579288895,0.0121470211065503,0.2008927689543466,0.3643109800844691,-0.142096732824977,0.1210419052131243,0.4217154933071262,0.9185639550453456,0.7671596434683833,0.0736838890723417,0.1668320200238013,0.6613404901572124,0.4761460861552565,0.2182641119148011,0.7608585948534935,0.8192576649989599,0.8698240199703489,0.6501384016442519,0.2435424224279518,0.4985535858545999,0.3966824380736492,0.2639049841479585,0.2759814863141755,0.3390084109659598,0.5122501007502521,0.1404982354574986,0.3349952625043131
Fusiform_L,0.344277853210816,0.6438952322125938,0.7080144093934706,0.7880226921751885,0.1873941245942202,0.9661491263861128,0.1290056536179648,0.2894484943117996,0.5096076954638988,0.6644590844378191,0.1436223907623695,0.0140715836845525,0.1899870672705393,0.3678843919335058,-0.1084550744953274,0.1640970698694827,0.4332808183917373,0.9233815766309608,0.7603808629676369,0.0750609699662027,0.1354409261894576,0.4964869915427223,0.4346310249066453,0.2142319243096073,0.7187510155588794,0.8377004690447347,0.8632559966116684,0.6837070714025973,0.2593080742129299,0.501750228827703,0.3930569673217554,0.317770653528296,0.2328970491508798,0.3974709252860996,0.5915481779903955,0.1615198407792835,0.3982084816395517
Fusiform_R,0.3367185365288873,0.6225006488633322,0.7967929731501706,0.7481853195248729,0.2161788553554068,0.6407388327340615,0.0831405391095584,0.2739933396745019,0.4477903282894289,0.4197833557777838,0.0854736463638311,0.0270884883411698,0.2060109262327617,0.2492001235780011,0.36528658946971,0.0809595529922541,0.4471778520797855,0.6872933705288885,0.6532785816280798,0.050263178238569,0.0764079238851919,0.2336003647363296,0.669144426065244,0.2019232183121322,0.3559432811992224,0.7867672348542726,0.801523785914726,0.6534148418353776,0.0988080657051436,0.4318642847036823,0.2952972963012723,0.2854553019845393,0.2042281638204886,0.4803398387888775,0.5306547486593471,0.0759566428825548,0.3018061529320808
Postcentral_L,0.3384500720999505,0.5292229937045166,0.7967983309028892,0.7145364137430521,0.1945903524304432,0.6044902282428197,0.0730811954111123,0.2533283045295932,0.4046330675258549,0.4210415637726258,0.0887605624593636,0.0135295447334486,0.1920943512160872,0.2424847412305491,0.2532531508353337,0.0591243939904884,0.4152295242791212,0.6401004758851554,0.6186454441079284,0.0478358989327762,0.064047780068215,0.2513499011257609,0.5647350194651135,0.1892530990642225,0.3235608715788978,0.7586664961321183,0.774077079407119,0.6044609358030516,0.1128855796242468,0.4292809683319107,0.2695668124754046,0.245242798085394,0.2014374247714861,0.4282153962941674,0.5189979271927909,0.0653963866872041,0.2146082086453991
Postcentral_R,0.3145002157735745,0.5737501081438887,0.7958846497697902,0.7398316237550004,0.1775586494834156,0.6147287310939351,0.0638382909291834,0.2388822994162257,0.4894144970431794,0.4956041670017387,0.1058988575119073,0.014692903059907,0.1790472211093514,0.2537231286113732,-0.1138656226771435,0.0704157247687835,0.4114887255843982,0.6511254438050806,0.6155520227329325,0.053392224799804,0.0230608844475917,0.2426656523832965,0.5738796132957603,0.1776258756325638,0.318239902696974,0.768958802809714,0.7823583745127587,0.6517290864835444,0.0968519004940562,0.417385165230372,0.2421855082668195,0.1850794116827129,0.2111607968996459,0.4023999382941232,0.5464465387993583,0.0751217258491631,0.2835996617787889
Parietal_Sup_L,0.3052770216931384,0.4662292087086513,0.7531091676276618,0.7242624993626071,0.1531224728541648,0.4846914595493299,0.0588609011143351,0.1903070681371318,0.4792573665849931,0.5005558185912368,0.1074846541427205,0.0206723449250052,0.164929718975784,0.212130736797316,-0.2608426576146196,0.0541775869121178,0.3836734505854129,0.5214220258252615,0.5031402061442428,0.0516488209023358,0.0143193194245462,0.2390795317118099,0.4197394652485294,0.1592051414183475,0.2574396866792506,0.6965944376554442,0.720545084045203,0.5869872504438914,0.0784638484872444,0.3924680718385789,0.1867328656259253,0.1475678946511607,0.2214164339868017,0.3104261690164036,0.5408287370234328,0.0728746327125059,0.1777933378217299
Parietal_Sup_R,0.347726483311756,0.7122826106638929,0.9364338725931168,0.7932672525831538,0.200743512366208,0.9009800552986844,0.079991553811757,0.3129548641284636,0.5340993234720077,0.6732884350404851,0.1458992630797888,0.0266103253494488,0.1900184372779268,0.4148708089207141,0.1109741049107798,0.1147528455680686,0.4676822336702825,0.8435613384744997,0.7369258493932803,0.0663559115442346,0.0494740600547256,0.3369405090593946,0.822283687873625,0.1969098705512821,0.4816542203807301,0.8460167420404986,0.8860231961998795,0.7903331817302097,0.1641646498572995,0.5806621324760826,0.3111290398982272,0.2752762205049942,0.2703272555572857,0.533573134080799,0.6278734959618807,0.1110314559024879,0.4173089040931593
Parietal_Inf_L,0.3460800993610997,0.6190372276534486,0.9493090929359016,0.7747418964941767,0.1819228158975387,0.8172528453805443,0.072805946180274,0.276641671157077,0.4976201815123026,0.7126318095408266,0.1536931786478209,0.0104382796958663,0.1851274351060716,0.3914300423049135,-0.0288049407459325,0.0825139890267561,0.4302952370547235,0.7700647956304897,0.6764896536644676,0.0671781320455063,0.0350671510064513,0.3584548368800744,0.6769772689802177,0.1858964594887133,0.4417599554347667,0.8166920364338253,0.8778298044099047,0.7761989191994285,0.1705856244019296,0.5801996795719465,0.2789789751226861,0.2510222282778676,0.2937850283639684,0.5168160566042952,0.6363802530889378,0.1034472408648081,0.3223918575503779
Parietal_Inf_R,0.3695249402675592,0.788196763530058,0.9982242082602828,0.8444459809359851,0.2184076522837764,0.922229440642652,0.098673644529265,0.3275457583079757,0.5875241769495457,0.7204206071635736,0.1655513861995623,0.0319994969923226,0.2050004272683789,0.4971452844102151,0.2734201522326099,0.134204773194409,0.4745179111847352,0.8452181943099157,0.729759518938159,0.0776010358409892,0.0757138569412554,0.4136279774141213,0.7971958252176571,0.2167216270651773,0.5322026968510637,0.9370009548912128,0.9353346282548712,0.8641176377067165,0.1551087406002887,0.6780739343585838,0.3453401343639011,0.2787206406711965,0.2728485290917821,0.5934415059246907,0.6474534417769616,0.128644667027572,0.463438913291374
SupraMarginal_L,0.3446442472659909,0.6763488208795166,0.9766458590466044,0.7773541126000953,0.2041294896802979,0.8940487056748155,0.0820898079565912,0.2954840059130668,0.4714181013832796,0.6705754955907249,0.1558233930505513,0.0126418176130666,0.192720919022839,0.4576992771311514,0.1058272334188355,0.0930737247995568,0.4212300647258389,0.7654467111976132,0.6871758168499046,0.0706288235934641,0.0553582838177275,0.3963808227999548,0.685837935930078,0.2041654673958233,0.4888828018410769,0.915998303779059,0.9144483187908872,0.8083605887377818,0.1883617401762195,0.6540606472394939,0.3175260820978092,0.2342072982846377,0.2688910842621231,0.5650839194650932,0.5957290732521782,0.1026108489946821,0.2971314221436176
SupraMarginal_R,0.3402941677981622,0.7310895471638134,0.9757174201421844,0.8006915906939086,0.2025789323168988,0.947166273723774,0.0875406866272634,0.3171405422274119,0.5886527793182598,0.7137798986554109,0.1645834158761962,0.0304869030115674,0.188963010396124,0.4327131613886293,0.0935408424733395,0.1262880547046597,0.4795632394365829,0.8694591252529147,0.7653099932069809,0.0714289666521953,0.047293680551343,0.3887725830088329,0.7251060502621655,0.2033008549358691,0.4911611046347975,0.9130073810860746,0.9156771991161824,0.8017076284545879,0.1696275092721327,0.6071064408721152,0.3260827703658577,0.2616349122660846,0.2825824584887235,0.5582855392744874,0.637690640499503,0.11549190030295,0.4713190650296243
Angular_L,0.3401796078183712,0.6674727728897858,0.9217203124144066,0.7754636159195527,0.1917739525406321,0.8464207077908371,0.0708862499012133,0.2687290947149852,0.5074247893590138,0.6496517343664941,0.1455787034245732,0.0286094644424325,0.1806311105389537,0.3635112736326445,-0.0569967451349782,0.0880196840095551,0.4262381058046567,0.7638236815765831,0.6872775960654008,0.0665999417489653,0.0309491191353335,0.336847140526691,0.6103535399588993,0.2000278098957071,0.418602718027342,0.8935563544511818,0.8731105603752083,0.7602586325007645,0.1679126818084581,0.5581650848738223,0.2923510668179931,0.2588254842269614,0.2696792752776258,0.5506678538821109,0.6174588445884989,0.1028020396540282,0.2990038169822844
Angular_R,0.3676573305124885,0.6207414948603989,0.8245958791441945,0.7483510063603688,0.1943195097053891,0.7501619028007133,0.0866685751675855,0.2773615105380824,0.5699309459007709,0.5632084720629692,0.120211040973291,0.0057167173592406,0.1992192641439705,0.308363616024179,0.0182630676046194,0.0623715815998779,0.4169372159623519,0.7723222441803645,0.7138577312431946,0.0551400260187884,0.0882657656158068,0.2767317090459313,0.617049850054724,0.1962480873484591,0.4138920290539046,0.8247681412516897,0.8340957775261004,0.7856785708614973,0.1868690006966451,0.4680296488499068,0.3073066338654288,0.2226327274406122,0.2270857830077473,0.4127015882860673,0.5934986552156886,0.0813359703591299,0.3586291731017265
Precuneus_L,0.3590175881777132,0.6736044810803524,0.82583619463457,0.7250964423095531,0.1917252770236128,0.7682770798352803,0.0929468159159084,0.2813818585417957,0.553178947303105,0.6189953659674196,0.1318814065588452,0.0256223546823208,0.1963023528615328,0.3032093244145918,-0.0069491397174688,0.0652061586337683,0.4440265210015873,0.7809945392134062,0.7203561527480299,0.0526908633295512,0.0916801163511772,0.2978653183853034,0.573502180951331,0.1966222598515772,0.3983281702771648,0.8122519043843937,0.8326610669712483,0.774672939637826,0.194312732919751,0.4631077025768548,0.3182819040914352,0.2612289111846967,0.2487965670441108,0.392119944112192,0.5751361290980641,0.0792819413230757,0.3866635171776888
Precuneus_R,0.3591435999452672,0.5276661643424952,0.7021968930031989,0.6990735803512645,0.2156801159938391,0.3953309011755899,0.0754412547369494,0.2561806354183561,0.3917892287084487,0.3184024614974265,0.0602107088045828,0.0056639682123174,0.2129926395160732,0.2040018141748238,0.5898538484663496,0.0365428223214091,0.403677062834623,0.5886231469858548,0.6493290187139777,0.0332332381111128,0.0677129272010056,0.1765515782709162,0.5002542789052137,0.2003414830999247,0.2705347142094817,0.7216904488814628,0.714614219240342,0.5383005161632392,0.0783861352172991,0.3915038952727519,0.2560591250218555,0.4180048351756644,0.1869175920011752,0.3626991891989407,0.4504277629339457,0.0436900651596156,0.1794815752011705
Paracentral_Lobule_L,0.3785252876103866,0.4862554851586345,0.7307092858958434,0.704096024349326,0.2203568563857189,0.4547639510197268,0.0720019617733384,0.2644993554358454,0.3973907121732379,0.2601230420000218,0.052990205554385,0.0241034433849368,0.2219453547788765,0.1996223551902476,0.630362537570145,0.0501036555147666,0.4381779105745814,0.623974807703105,0.6665163121917979,0.0362688216174832,0.0969998048561068,0.1554334885593316,0.4665845104555096,0.2046331912671322,0.2954193115892476,0.7575509618467098,0.7277383046846125,0.5812845372535282,0.1045588018627084,0.3927554482663422,0.2716268169642787,0.3857839736777024,0.1532083922568206,0.3499812404191871,0.4829529727877085,0.0494285951018838,0.2529810299509367
Paracentral_Lobule_R,0.5813596892860526,0.5177255780919595,0.6091941773933968,0.6388466981495196,0.6744921575779982,0.1118518122630346,0.4013227626050916,0.6809837750152694,0.2383179054598216,0.157482897821771,0.5595184909369622,0.6068755001562816,0.6430507480156066,0.6578890663356118,-0.8697857931229841,0.5790497976014781,0.4195565746803407,0.3771477903271146,0.7510872942530643,0.7316460053578598,0.2963887869561763,0.0980626349887194,0.3438963453104856,0.6585527051099324,0.0535989097401353,0.5784580648426942,0.799225937049345,0.6068460951948222,0.592500471210565,0.7717419710756852,0.6349885399028823,0.1203771071447609,0.2260212849848272,0.2738446851331847,0.6552808697196818,0.6985133433129733,0.5282612721951904
Caudate_L,0.6650982769690654,0.5316386163215787,0.6451710868994464,0.6731288299190027,0.7222013876051941,0.100406972424484,0.4254276073432843,0.7563076240412283,0.2238541205330007,0.1284132303725716,0.5829971264223618,0.7188317050045626,0.6966221382729257,0.770138430596892,-0.7432869245931539,0.815559682881201,0.497980756168224,0.3946978229626415,0.7881638762823835,0.768150395390221,0.33236029557632,0.0665373392213928,0.3922131377751091,0.6932144184171075,0.0442009286051091,0.7290594999994691,0.8662594000353862,0.6270405864343944,0.7156252838416937,0.8288219837777363,0.7190287658880125,0.099812940157138,0.2471233675225113,0.2877674878574932,0.720798856685447,0.7228638278725754,0.7334433290340675
Caudate_R,1.0,0.721596384875549,1.0,0.8624630471037927,1.0,0.288990617578896,0.8666384879748504,1.0,0.2645301495383595,0.4059076137813896,0.9909077897419264,1.0,1.0,0.8273388412692987,-0.152545422190186,0.9766134502376596,0.5345993241200119,0.5222504630331822,0.9273320790068952,1.0,0.8251472208678925,0.2257720081417583,0.7257220496721862,1.0,0.1456231074942027,1.0,0.9319255851470852,0.7840011450924715,1.0,0.9765798862395808,0.8542002831451738,0.2670324221289416,0.5799424140856803,0.5595589385655176,0.9343194444412416,1.0,1.0
Putamen_L,0.9117029271527362,0.7317935789691825,0.9891887097234252,0.8843108268083842,0.8631394838392359,0.348477717718394,0.7460995630745632,0.9368128370540226,0.3043387040353562,0.369682200198707,0.8310455135541684,0.8939878560213507,0.88855649505275,0.7679689959679997,0.0046983991454137,1.0,0.5253405453157793,0.5524086918272154,0.8887448544820954,0.8799012642013444,0.7592215599032344,0.2763013389008582,0.6165099904556679,0.9251527071540504,0.2109600870961454,0.9484721563609878,0.9271852282612292,0.8238652580012642,0.9095467341907696,0.959670889529379,0.8430697383465197,0.3229364236402841,0.4779772821609651,0.5511962556464229,1.0,0.9113006082917606,0.9426849514625808
Putamen_R,0.8940183354910691,0.5619288443391955,0.9036503919697908,0.953050735343036,0.3902491693970376,0.1254767018346755,0.9891070359053544,0.6362586798850456,0.2240738816035939,0.288822980612855,0.9207935289491208,0.3916916153373703,0.561742204386696,0.5525452044405059,-0.0641600623171043,0.4017036224014196,0.5350702811061723,0.4449581468159032,0.8755272916209903,0.6190592594178421,0.9722581062036542,0.0306806811227495,0.7478881896251438,0.5388982797428236,0.0417194797839575,0.7136933382149634,0.6432136071442677,0.3867133776657515,0.6046667419602786,0.82392933953612,1.0,0.2836144298709985,0.9986909624612228,1.0,0.3560264100557937,0.6440313330791476,0.4679989547064044
Pallidum_L,0.9953898975864937,0.5522350072330656,0.9414733179078354,1.0,0.6559519240208833,0.1564040087756352,1.0,0.7160768737295833,0.2206759068440578,0.2620283451632864,1.0,0.7998147790473928,0.7572455653796455,0.5625275641932342,-0.0433226466309701,0.7943309821681581,0.4898659721691669,0.4428554871892991,0.9264117353970877,0.8279318197516572,1.0,0.0368444984284774,0.7786377078613113,0.7565255664762011,0.0465248705158972,0.7467363144550094,0.7371389822867193,0.518216679164315,0.7570910936885727,0.8469696213061941,0.9396284160489792,0.3221311838089113,1.0,0.9815689849029252,0.4852989567247017,0.7997311492214828,0.8083366431221896
Pallidum_R,0.3619116065132043,0.508702655611511,0.4875421660320226,0.594236118006882,0.4029242740288783,0.1280221691354358,0.8872869547458856,0.3479091509111913,0.2042627281087595,0.3757870770445924,0.211777586423969,0.0421092304134491,0.3705207754162722,0.9747003281276402,1.0,0.303133875370722,0.94790303979115,0.4284017816552853,0.9963570735353114,0.2144252231596321,0.6553350011245497,0.1325146762182127,0.2817914591843513,0.3879879383850083,0.0466234777598906,0.6894630769301563,0.7065521606233606,0.447326686535505,0.196063780680737,0.9911006760205954,0.502402316304579,0.9465418404274918,0.2418752726629954,0.2783192085980269,0.1282737682777252,0.323974063707207,0.0633535175674828
Thalamus_L,0.3829835275295504,0.4616553761093551,0.4903322771918993,0.6089597875366493,0.3928457660836877,0.122402348163707,0.885788420635068,0.3538769089599131,0.1917228220837641,0.3541024330989648,0.2091826447804312,0.1069457571194259,0.3712059215328095,1.0,0.9600982400233816,0.3209488240113758,1.0,0.44634099177263,1.0,0.1975401140805263,0.6558516172425727,0.1465058157088502,0.2572925962307685,0.4028987901129309,0.0450134965275531,0.720261179796234,0.7225198179831399,0.4281002322709978,0.2188203720658128,1.0,0.4740067723282506,1.0,0.2269595582609097,0.2809218791699204,0.13489180887191,0.3169736647838006,0.1363358538471048
Thalamus_R,0.4271218752302462,0.55175201147633,0.8490852003778322,0.7360730892232791,0.2691707497736957,0.9958407663319064,0.144936323704032,0.3127225030301787,0.5862159522234262,0.5522374970753341,0.1056796804649373,0.0798752307842915,0.3082281346794321,0.3454952205904182,0.3135829238749098,0.1072043247377538,0.4700672220804034,0.9699405985361348,0.7882216568999948,0.0830917990273014,0.3823475353082732,0.2804835024406217,1.0,0.2595441023404162,0.6489526332772035,0.8368636855921865,0.9816614417042872,0.8852589771644286,0.2860720665278126,0.5487022565016724,0.4159612731245143,0.3548719117430827,0.2235201531882026,0.4625740148508389,0.5865331482741634,0.1452927170914497,0.4381232378545741
Heschl_L,0.4568884397991727,0.7155659194846113,0.8357438192984803,0.756530328389048,0.2606149893012363,1.0,0.1763209325106225,0.3033827407956291,0.5656213020352202,0.7061437178176692,0.1283453732943399,0.0251286766112388,0.3044197491953112,0.2921737119485615,0.6074913803207542,0.100302748311636,0.4814827031409967,0.9364402685042414,0.8237783479432362,0.0705246888383732,0.3328350773872978,0.3305119560203283,0.9655026264303156,0.2519797942232566,0.6246214261275391,0.8684247103144651,0.9589245065453048,0.9701480000931202,0.3092119092853075,0.505867336512898,0.4052928734424157,0.3990146560566218,0.2801561046880461,0.6076430095082941,0.6750706558462856,0.1303205200226492,0.452561124996079
Heschl_R,0.4048040670687423,0.7346897829677902,0.9273250481342846,0.8046243577163241,0.2403629535482892,0.9859636561778908,0.1425591106774086,0.3038137763458399,0.6881671849149796,0.7554901246961312,0.1644679057995008,0.0354191675225621,0.2358523301293754,0.4108281738070747,0.2465742252359524,0.1309123432325037,0.4410355943006078,0.8907413988216253,0.7606953232168091,0.085342437719486,0.2047882931631519,0.4468370552762889,0.8050950833477586,0.2335919472301047,0.6466856708871592,0.8783134329819873,0.9655213493472036,0.8651946521121745,0.2023748438558857,0.6107634069026657,0.3683810154430821,0.2993801230319021,0.2708094452534806,0.5097992728619256,0.6288597069937469,0.1490425891393979,0.4825057765618051
Temporal_Sup_L,0.3782923784563243,0.644850318798124,0.8649706922795264,0.7708644290421761,0.2183652479463528,0.9005022054807074,0.1175114924986461,0.2691612790035441,0.5868425944526617,0.6956148032176783,0.1537047689764762,0.0093425369925257,0.2219871198005045,0.3522718630964951,0.1743352626144299,0.11448644019659,0.4176903907826108,0.80887652908701,0.7084826729964699,0.0791688076449903,0.1443453213379524,0.4086721451045633,0.6421697037977876,0.2160943960505002,0.5399349635247213,0.8565680952592772,0.8892946445286247,0.8423290912934344,0.2114178022089947,0.5471660755001522,0.3428645901243666,0.2707427200010799,0.2542291748942662,0.489611350145222,0.6281314150700548,0.1331120272165042,0.351079164152611
Temporal_Sup_R,0.3657042954729651,0.3741949567726242,0.700776609666287,0.809363594463602,0.1802548134586737,0.6582041827614812,0.1718360744264797,0.2101084797141326,0.6903008710036126,0.5753785453906385,0.1535504809181248,-0.0053284470792374,0.2034876937458637,0.3939162044143335,-0.5977361597124624,0.1334733464803685,0.3398265598880237,0.6368981165167007,0.5943703267285585,0.0908175939853612,0.1632231018429918,0.5614775086879267,0.2748718484362775,0.1988584095509105,0.610658088074603,0.6759183232332123,0.8164570741216813,0.6788220324199434,0.1443063398929706,0.5971205571350777,0.2849525101614363,0.1217430006193496,0.2000638794498967,0.2564932780742343,0.4875413656361355,0.1648585124015433,0.2694244819200189
Temporal_Pole_Sup_L,0.339806645826097,0.4173623755842285,0.6521344667406851,0.7772799560880448,0.167659576074826,0.6183078375562749,0.1757265502521408,0.1956904613216736,0.5840383785562835,0.5788170602555721,0.151987134697744,-0.0267293688908173,0.1850692822150184,0.3698924615785199,-0.54875274725157,0.1426176629734439,0.3390637373376802,0.6061567478307625,0.5985703848942181,0.0846397582525313,0.1802731443570732,0.5581333493229151,0.2308828485084444,0.1820332577998762,0.5706680951189691,0.6899893703015736,0.7677927549685843,0.6147707883851032,0.1606167540710723,0.5522165540678466,0.2737206250312026,0.1616233368256925,0.1940402559184016,0.2130947711726595,0.5180832002230917,0.1518653336410206,0.2016116365256765
Temporal_Pole_Sup_R,0.3414814276842759,0.7022920066073401,0.8993872372926451,0.7959728352690066,0.2076881378503775,0.9875471152150276,0.1098571498603357,0.2835052628880984,0.7134901238082163,0.8486320311873574,0.1907073425911661,0.0342100728963366,0.1938539385821126,0.4402493415336029,0.0612730442900772,0.1532708325586584,0.4407405128263964,0.8704554647251804,0.7445973638686565,0.089016313232572,0.1158044658650727,0.5351186607893066,0.6959266307748537,0.2143489335803419,0.6308935733976994,0.8849012148344763,0.9285628618686494,0.7686067286587573,0.1948427378785768,0.6187906138810754,0.3518093470265501,0.2721375490084029,0.293131306971376,0.4959669725923315,0.6204383848506672,0.164915659003291,0.5227354816746101
Temporal_Mid_L,0.3373844453566579,0.6510702321622943,0.8593456742668454,0.7703038764363234,0.1984976913194069,0.9472800074254226,0.1033295381314197,0.2574988486931915,0.5773416770148276,0.811115890494874,0.1788997748517805,0.0163482031450949,0.1929383264914903,0.4119423651406233,0.0093770081425997,0.1351610212630642,0.4158326377841441,0.8158002782170566,0.7174461859838422,0.0841600361873351,0.1033683333551204,0.5004651987532138,0.632358853437073,0.2062688318492047,0.5860009444506946,0.8925690160514463,0.906364103721738,0.7842763895557026,0.218303090170222,0.5841372143244836,0.3370235941839658,0.2691751868556891,0.2919608854148493,0.5175085529150867,0.633576309966577,0.1465893908908343,0.3644330954437008
Temporal_Mid_R,0.3094696601303062,0.5156156153739364,0.62551950772416,0.8462088577905512,0.1859930741223878,0.6920864543735247,0.2292393094179739,0.2288008732198276,0.6523181431895915,0.8643254390931652,0.2357598488396452,0.0299352540073463,0.1760981444714616,0.4727274448315838,-0.5766053302197994,0.1805864428251423,0.3555606387214515,0.710058984192734,0.6801596678729543,0.0997317661162593,0.1196794807806535,0.9670399884803682,0.2257153481125065,0.2068352338685296,0.6636515192703982,0.7752884820391842,0.8425947035803864,0.6172351833935527,0.1984974932210726,0.5683798066190772,0.332988270256895,0.2568277968005259,0.280704317182966,0.2509498614894391,0.5574256836701117,0.1897706041600919,0.285130064322921
Temporal_Pole_Mid_L,0.2963437641436947,0.4053738358184631,0.6057137235598613,0.8113127807265389,0.1684334757536825,0.6409067458069393,0.1496403809410335,0.1868497516349099,0.5784217380411842,0.640614590141167,0.1611477915574323,0.0165111416459751,0.1662710272456652,0.3907070511169711,-0.5918945338237906,0.1674927907146713,0.3475380731153659,0.6108925452318699,0.614687881456519,0.0859393856025028,0.1183515931902827,0.6330518587387318,0.2172920867201397,0.1882662681295957,0.5710931844240905,0.7565994923372134,0.7883414193680145,0.5595895564266008,0.1859097011261797,0.5294462011731553,0.2838079920512755,0.2086639199112012,0.2050140902858902,0.2058702611344194,0.5590245054282922,0.171222751793428,0.2222419713978887
Temporal_Pole_Mid_R,0.3215017630279874,0.7059566257497139,0.7907294419314624,0.8114119385769379,0.1905390883280871,0.9920377692066168,0.1230854354047547,0.26866005809013,0.6839334878900015,0.9613697567769776,0.2184673031773079,0.0223156293711719,0.1821243672821181,0.4846451877022865,-0.0719650008131671,0.1745350828378619,0.4194675721973974,0.8637624679753628,0.7510742511535303,0.0971845632467756,0.0977482516689823,0.6966325695521732,0.5445120057526934,0.2125257946261456,0.7500927892672927,0.8565732278142949,0.8957373554893574,0.6824347286266473,0.2155207531462586,0.6278458821246651,0.3678124350399036,0.2864773761300045,0.3067105381253595,0.4042465951229007,0.6217784419902608,0.1932999283255921,0.4828514880441661
Temporal_Inf_L,0.33893214184218,0.5657988060914686,0.7608618576874414,0.7946955070052478,0.1856126663381137,0.917241201045464,0.0975907012405402,0.2462257045807471,0.5929800040694579,0.7711034087898111,0.1750087198966959,0.0025798752397228,0.1759795636239609,0.4325283181462931,-0.051929583311281,0.172119026615053,0.4068961018563884,0.8050691954619608,0.6926973176701243,0.0875541085840004,0.079635197090461,0.5445156978945354,0.4604898816111943,0.2025431300655799,0.6492660770689325,0.8610790801659077,0.8732325011391306,0.6764889981418734,0.2113613923525593,0.577885217441396,0.3419804780013463,0.2790908489633266,0.2676150900177802,0.4330030251095162,0.6536913101437498,0.1803819795253332,0.3600127398040051
Temporal_Inf_R,0.3141278853137137,0.4599974246664641,0.6370921671482069,0.7677304335924197,0.1794562723123481,0.1384403671185786,0.0188367333566647,0.2080312918131208,0.2522207017772465,0.0642106433889285,0.0176380483976174,-0.0092671526565462,0.2080459814761586,0.2739208889967335,-0.3137570209325731,-0.0040196095706388,0.5693124653800766,0.5888477543977438,0.6219825632746544,0.0055455785000833,0.0099553735551178,0.0241576624498231,0.0925660961357531,0.229215276287275,0.1309574657502477,0.4894253732989857,0.5716369074473616,0.0562223311632505,0.0150672185872212,0.3773260350129297,0.2867412986917435,0.1096319395184719,0.0234410099529847,-0.0063926491744466,0.0255465782846945,0.0015149093603874,0.0651823488960297
