,H3_cban_hc8_gallezot,GABAa-bz_flumazenil_hc16_norgaard,CB1_FMPEPd2_hc22_laurikainen,CB1_omar_hc77_normandin,VAChT_feobv_hc18_aghourian_sum,5HT2a_alt_hc19_savli,5HTT_dasb_hc100_beliveau,D2_raclopride_hc7_alakurtti,5HT2a_mdl_hc3_talbot,5HT2a_cimbi_hc29_beliveau,5HT4_sb20_hc59_beliveau,DAT_fepe2i_hc6_sasaki,VAChT_feobv_hc4_tuominen,MU_carfentanil_hc204_kantonen,NAT_MRB_hc77_ding,D2_flb457_hc37_smith,A4B2_flubatine_hc30_hillmer,GABAa_flumazenil_hc6_dukart,NMDA_ge179_hc29_galovic,D2_fallypride_hc49_jaworska,5HTT_dasb_hc30_savli,5HT1a_cumi_hc8_beliveau,5HT1b_p943_hc22_savli,VAChT_feobv_hc5_bedard_sum,5HT1a_way_hc36_savli,mGluR5_abp_hc22_rosaneto,mGluR5_abp_hc28_dubois,mGluR5_abp_hc73_smart,D1_SCH23390_hc13_kaller,MU_carfentanil_hc39_turtonen,DAT_fpcit_hc174_dukart_spect,NAT_MRB_hc10_hesse,5HT1b_az_hc36_beliveau,5HT1b_p943_hc65_gallezot,M1_lsn_hc24_naganawa,D2_flb457_hc55_sandiego,5HT6_gsk_hc30_radhakrishnan
Precentral_L,0.36406012188575576,0.6032075779189293,0.8263088590494496,0.7325063022441456,0.21451700917923391,0.6372625653078859,0.0732220797105615,0.27917428167778024,0.4667031276137024,0.5048455242251558,0.09214686702743609,0.03667684537511462,0.20122733304256887,0.32442598895028874,0.2557756832800614,0.06262773321348845,0.4743363426428714,0.6673340683342532,0.6632344263745382,0.040075193297667434,0.05100822714534126,0.24931153593716093,0.7314658710218334,0.20247209696504526,0.35053910253180093,0.7874927539532177,0.8002742744002747,0.6253794952953204,0.10417935198447865,0.5109801899229189,0.2960362197426934,0.30837295436375356,0.2457348793597613,0.5211948990511591,0.4679519654773487,0.0627739343148642,0.32163328738838975
Precentral_R,0.3641668087614597,0.5591371425467232,0.8177875829361995,0.7102047553110541,0.2041315910179635,0.579718034132202,0.06693391221108276,0.26281021661649334,0.4088624016472256,0.4410817325104393,0.07967366053436546,0.022935794556912394,0.20044898323073343,0.2605137553934364,0.2949573778261845,0.05071370001423265,0.4527725794475362,0.6480970249645638,0.6479181131067584,0.03821344110801092,0.061998016509794564,0.22549048153643536,0.6938796335786799,0.19675021504451068,0.3214944368919412,0.7504107518886327,0.7666069031156146,0.5844920835145812,0.1118963935090087,0.4680214346342514,0.283369033910445,0.32007133469629845,0.22132125909240788,0.5105655119135954,0.4784224974025536,0.05591173822291049,0.2370984834016972
Frontal_Sup_L,0.37338052985569486,0.6079916623576777,0.8563556490423476,0.7707985356843254,0.18076824576720002,0.6987954412150221,0.07155483204843847,0.2572189203744522,0.49536178101610795,0.5773851039208778,0.11098385675057815,0.02468149238160665,0.17861782563676862,0.4057256560203408,-0.15732683717393228,0.07929368397365293,0.4701969883958667,0.6525225742676427,0.606971114802839,0.042110019626467446,0.04978445468284087,0.29749903287920915,0.7214681374532893,0.18370440668980476,0.4169848007810142,0.8035244960332429,0.8209724145748354,0.6281217146868494,0.12426247614111897,0.6145241862785438,0.2690268729090746,0.26038278332610476,0.25390681140310056,0.5017451193265261,0.5017103138357863,0.07147854030173406,0.35320065808289647
Frontal_Sup_R,0.38359043017882893,0.5833443522734361,0.8934936894315728,0.7545177912772449,0.17742853071515416,0.7139758598458251,0.07132011418910163,0.2640888054271671,0.48246662152515735,0.5977911420513597,0.11169224303305157,0.01024427528208439,0.18005731315146867,0.42856518062127696,-0.160574349943014,0.0702963340030799,0.45673836146950403,0.6763763549316175,0.6199214213494983,0.04336188482277771,0.056013128868636956,0.30765605807695484,0.7390963697986691,0.18337617738724135,0.42774136211189256,0.8002950570191466,0.8258990943791007,0.6362308186134532,0.13846145628643394,0.6576124104309757,0.28365758208779746,0.2325493803925485,0.2641351622562906,0.5273561088177713,0.5159525139830128,0.0644135142983694,0.2975650967427065
Frontal_Sup_Orb_L,0.3866231330323029,0.7990591179885036,0.8989055015976278,0.8140364434762821,0.20780161008431947,0.8410189477198665,0.12223610394980551,0.2740758244702047,0.79952819883568,0.83796945950296,0.16825625808467554,0.04660298108339312,0.2191789677417923,0.5710903649102567,-0.10870466271560983,0.11211514950051096,0.44612533687744,0.8166889519938973,0.7367900915469475,0.061592106698982865,0.12025021293346948,0.5039004697571214,0.7698787504429262,0.2271100985034089,0.576197921276043,0.8719329591563071,0.845723419402052,0.6348221184249476,0.2749615430128548,0.7265071747029709,0.3586538280294429,0.18792783301581248,0.33337979382132493,0.5646927590428449,0.5467641432562128,0.10818866159337003,0.3687777987666827
Frontal_Sup_Orb_R,0.3817575547064953,0.673532291262175,0.8795884699660621,0.8041660704718515,0.20255235367876917,0.8080292288278975,0.13066144945020775,0.26106718604434537,0.6049013957930491,0.9082126261744595,0.17572838755722234,0.024020118269105835,0.20308321301381796,0.5634280068822906,-0.18207287242146186,0.10977622686072648,0.4569036766282522,0.8141523832254737,0.7194578978940932,0.05900203949082686,0.11096235824876756,0.5306612119307988,0.7216616957371209,0.21768254385869473,0.5492240843112598,0.8804932939923974,0.8633116285730892,0.6437097324181561,0.261322332171112,0.7188830591286335,0.34952229451068195,0.1857456147915466,0.3582748223556131,0.5569923672873586,0.5667112327518758,0.09372392794250656,0.2868218911510777
Frontal_Mid_L,0.391393686780974,0.6374581458000937,0.9474841104518692,0.8038845582270576,0.1961862691373582,0.8487567611078198,0.07976037386027157,0.27686251510137105,0.5433987393987906,0.6337033390322007,0.1217222681632808,0.032811680000234544,0.18696738961956097,0.4720325347676802,-0.0032051527787390318,0.08593885634897942,0.4968901715444634,0.7553438126359167,0.636743806056676,0.04858098538115888,0.06590714668864373,0.31618703308071355,0.8688355011814074,0.1964670882165499,0.44507305517160495,0.8613413124308948,0.8792378630005552,0.7216770800666877,0.15016312544504035,0.6659558212207477,0.29136044630144226,0.22784049371784892,0.27720711824007077,0.6101878873141621,0.5700833204392995,0.08159738184857046,0.4257398704315688
Frontal_Mid_R,0.3773450798362226,0.6017251515523426,0.9723583301111229,0.7784278282693381,0.18248108221516451,0.8293886875219489,0.07956534926611014,0.26804276069511423,0.4867152493758139,0.6743006952164147,0.1260526321505306,0.009111647114433899,0.1867819995346289,0.46633693103361895,-0.10537243163985287,0.06777855761722382,0.454103053576105,0.7484120999670787,0.6456624552004686,0.04757972395329707,0.0760304849158115,0.3413929704612166,0.8659662287193056,0.19277859267750774,0.4508877537781552,0.8609767240399792,0.8618317220668952,0.6941786197480099,0.1586342455835787,0.691240150526549,0.29214251818924003,0.2182683283405396,0.2960192462518347,0.6164440813466042,0.5685135534934838,0.06673492724829692,0.2796178531625436
Frontal_Mid_Orb_L,0.3697200416811393,0.6763359442118373,0.9404311897040893,0.8321256886491523,0.21444155802367879,0.9109274696412757,0.10895053177708988,0.2582946089912947,0.6226856897020221,0.847410744714734,0.16527419197433965,0.049983865032548105,0.19558639163160663,0.5417699474849219,-0.02346136468898123,0.09828894071909496,0.46581405069334586,0.7960563956108739,0.7151643269716994,0.05624944599606181,0.08774561218015575,0.46810173163381613,0.8489610609479251,0.21036267269088024,0.5074732547704601,0.9095459741831303,0.8828312221017354,0.6708767174963192,0.23433547160375018,0.6932915548172067,0.31149660744443364,0.17354548263611677,0.34234463735080045,0.5926102617807042,0.5671922897444276,0.10274493291273293,0.3994852874695776
Frontal_Mid_Orb_R,0.393460650267875,0.654482508857739,0.9099570131686876,0.8222075023507615,0.2041634558336581,0.8041847164684767,0.11216076066420229,0.23453601165024446,0.5059563652759927,0.920968454462732,0.17231199307291556,0.02281953313765309,0.17828305808741357,0.5082810373409022,-0.09304928612706792,0.10210195224497594,0.4673519944769787,0.7439310525312933,0.6597178122408235,0.05820187415889545,0.08529199085829589,0.4840568563375083,0.682545524715303,0.20070073683860007,0.46607743758878556,0.9042965502976823,0.8730667291328768,0.6284706707225559,0.22508130005678795,0.6789132147464102,0.2912279783986814,0.16939778049891913,0.38078272802759666,0.5835637825371013,0.6297242798230547,0.08281991520672002,0.23998114227617523
Frontal_Inf_Oper_L,0.3942231625038155,0.6280432092679815,0.8957192872261227,0.7855538453259009,0.21352420921574466,0.8273914423719557,0.08773588296452442,0.2709730419477797,0.607267252989203,0.6150101308195862,0.12180151867383572,0.04407129018742985,0.1957063412176372,0.4460792396303112,0.141578579805127,0.08775382358183197,0.4905556110372466,0.731829801175293,0.6895112606318344,0.05640027088991428,0.08153729008491946,0.3412848067357748,0.8356055562320703,0.206699349475931,0.4843890755947537,0.8475414648500804,0.8790571594721883,0.8037761474212741,0.16469977841483852,0.6614671701783063,0.3342820677063657,0.215061106993102,0.2771769773971746,0.6261716828929571,0.5514195235887028,0.09132767035002048,0.45883876807582946
Frontal_Inf_Oper_R,0.4144506825812835,0.5568390195222354,0.8807488377077044,0.7715686334056583,0.19563126974313447,0.8230877630386624,0.07891760986145031,0.26588007705961386,0.5361313054298824,0.5955735614664689,0.11134122833816257,0.01714602638057793,0.18974104576802694,0.43855248591736634,0.1448233471975302,0.07471712610767832,0.47796032557873125,0.7590019682431309,0.6761572604909908,0.05309873847833299,0.0762830059945199,0.3253466783928553,0.8331680647242484,0.19714774654123696,0.47499212125141216,0.8295282615587793,0.8709768779760692,0.7986927993474728,0.1977420646243507,0.6507943508869972,0.3280009210530299,0.18796973766394984,0.26757620992519776,0.5996786428443216,0.5831696694200329,0.08025496818019816,0.36928311818552534
Frontal_Inf_Tri_L,0.36787579862536446,0.6343565589520002,0.9117461496715034,0.7975213644911218,0.2068794511831352,0.8217354229602066,0.09941764937610266,0.26856101380992803,0.5835658276188992,0.6490702057168604,0.12490631307039303,0.04671591512930249,0.19066503675802812,0.4323144312919611,0.14175590435439775,0.08555120900580461,0.4959414346278936,0.748121570372689,0.6692765525226358,0.05253252343939932,0.08316794003392478,0.33948659176602664,0.8490120401014057,0.19821475965293514,0.43281695862668657,0.8729991147227517,0.8771414291296977,0.7455745247390131,0.1673269480829362,0.6461884609239619,0.3275722557207897,0.1935085640195979,0.29215155415435545,0.6457722623798356,0.5563279805606395,0.08859845175625684,0.45202616739827994
Frontal_Inf_Tri_R,0.37575067100318926,0.5606631886250737,0.8383806850472599,0.7547855315983723,0.18220925448807967,0.6844542707772894,0.08243514898123093,0.2315319038121781,0.5000881629706733,0.5737456631886084,0.11010514506485304,0.013161302380677755,0.1784759947307266,0.3607688165653599,-0.006108212845223751,0.05994076381240087,0.4444505430846331,0.6573310572865462,0.6188714988696155,0.04484353953747824,0.07874556009582521,0.3071626620825903,0.7319172466748143,0.1837934082469611,0.3794034821456404,0.8144940049987546,0.7928950519504582,0.6554011300478504,0.15184305289582029,0.5895549603046324,0.28839175836327513,0.14280915575028155,0.2645521903207005,0.5430627100284027,0.5475045797840151,0.06631762817341019,0.2783292266580312
Frontal_Inf_Orb_L,0.40294904585977875,0.6348080471125078,0.8872884934239158,0.8041469310292175,0.21246216360949396,0.8456734800257947,0.15004083089146705,0.25345755083237226,0.5994157716573889,0.8492709672276586,0.16648892956967337,0.043998789649508215,0.20031993338312581,0.49782298971728356,-0.0820286410551503,0.1141534314787722,0.45935150565865446,0.8430487030106562,0.741327481619677,0.060425400475039,0.13191706977209838,0.477512087198798,0.7053364641591414,0.20945714490126086,0.49528960115791754,0.8659618508394559,0.9000420490929181,0.7083395321799356,0.2265855836298391,0.6584587227389516,0.3616680727216815,0.18327739568904106,0.3704072611555087,0.5534273313496361,0.5591002554748145,0.11191401281975923,0.4320336876537264
Frontal_Inf_Orb_R,0.39270866357215783,0.5215181591193969,0.8306631965235544,0.7755625618942031,0.1948507213005704,0.702174646469895,0.11380377880983626,0.2150528868943979,0.5269678828244313,0.6490061653659216,0.12379393174580908,0.016133176390957366,0.18460968201244515,0.41846543662647995,-0.14123611750062193,0.08673541986954687,0.4397593560600826,0.730174804740156,0.6588163316039576,0.05562243372168218,0.11706896872165787,0.35423617295897947,0.5525670726317254,0.19407037634520274,0.4230267923151831,0.7910422992147427,0.8338730088494154,0.6494184588155982,0.18723721518062567,0.6083786832792601,0.313640569386511,0.12300721141446118,0.288082508468301,0.5104827678882075,0.5803746810215887,0.0946737028691341,0.29090062929811256
Rolandic_Oper_L,0.3910075678634206,0.6797137355816532,0.8587218763369766,0.7773084180636224,0.2514481992357041,0.9335348542993149,0.14272968592391358,0.293667585282453,0.6046217821485238,0.6606629180071019,0.1440750502054091,0.04708510831979024,0.2598396763266313,0.4547999819580996,0.2942511865919767,0.10995513670394937,0.4540822805356524,0.8990165008230764,0.766517188169271,0.07728933827727939,0.19986455756925559,0.4183242390729282,0.7679027097020207,0.2374916298313306,0.5862021467918509,0.8972489623094657,0.9603818552143284,0.9630571338672272,0.2205798303509553,0.6255878406098259,0.39046211767433214,0.3402383329234717,0.2771206507002914,0.5470340466242434,0.5795988867856177,0.12008269502576632,0.4579150544419904
Rolandic_Oper_R,0.4077704169166482,0.6869941230083919,0.857986394553376,0.7893304599215127,0.23158390953216015,0.9001211885269353,0.13002278495092984,0.2838139238558023,0.5451433191212556,0.6587779833147591,0.14647344309305915,0.02579223843261113,0.24382599042104985,0.433531686673727,0.4154148106134709,0.10114813238158372,0.4548919510726233,0.8254910632438033,0.7383419099728793,0.07063351294300603,0.16024619938465717,0.42970536446383056,0.6994715550264646,0.2255849392023258,0.5447504705388465,0.8800970843429816,0.9293356082764945,0.948341119459799,0.2345184837631334,0.6067870756820757,0.3680628425506046,0.3364272333919718,0.2831907931940765,0.5572140851196112,0.6215219448768717,0.11257464666897893,0.4116212279939404
Supp_Motor_Area_L,0.46848152241413793,0.5882245288447416,0.8505589707661756,0.7499376732172527,0.20720588085612437,0.650972568301911,0.09108286057724807,0.26478660674718707,0.4649694066735491,0.654351274766916,0.11776433008387203,0.0027825112152817084,0.20978805268829495,0.43584558725061,0.1784655010341901,0.06702648314456909,0.4519634738677324,0.7015543561270414,0.6555788851563391,0.043702093041901896,0.0645701693784716,0.3206081487352088,0.7409879050535988,0.19386596454510296,0.4149564813988852,0.7647775993116949,0.8110964168521333,0.7177661893810031,0.14188215952264574,0.6483285913738214,0.2847045313842191,0.32628139122499983,0.3081335367558489,0.49815586654386756,0.5328998862634766,0.07233652325017663,0.32969435310811085
Supp_Motor_Area_R,0.43174507141579044,0.6478472827213227,0.842571439899527,0.7358679228732724,0.22029072991605483,0.6221214128553002,0.09292014764740532,0.2832058018905983,0.4295843839851576,0.5777819075618916,0.10688433503606933,0.024052040047684634,0.2151025684563478,0.4223837721004428,0.2996520255148077,0.07125723813529222,0.4777079635580029,0.6981930072694721,0.6983729542948678,0.03962364910504635,0.07953080112154692,0.2987414668516911,0.6835588110077772,0.20712637232026845,0.4012285274561341,0.77774379016888,0.8048797659251106,0.6676659255110257,0.14366702152907893,0.6320102889916274,0.30100415659781077,0.3567996740918362,0.2840521833994699,0.505165984062981,0.5011369809113726,0.06935197188594468,0.33028786629098833
Olfactory_L,0.7107693538370857,0.5267987598159442,0.7643314510027059,0.8269980836544781,0.3337440354022863,0.7361926780376645,0.2534831973695882,0.33074464043677093,0.5976382924099438,0.5911590035626627,0.16785864802167882,0.20675229840381185,0.331238238559288,0.700371796422892,-0.2630139961177963,0.3071145292262953,0.4161527077484397,0.8618582669521513,0.7518663415428293,0.25187952160331434,0.5823958811024681,0.5535627214193934,0.5525341557990038,0.3433073763316852,0.6345225354421473,0.8208163688624524,0.8775624819978826,0.7852417711351384,0.39520547035119225,0.9285413323114027,0.6249355249515623,0.13094016947847106,0.27752080627169384,0.4530690726936958,0.667735699286689,0.27450793334609574,0.3129989477869852
Olfactory_R,0.7378466849811066,0.6490130637817566,0.7817541460320709,0.8264715017936695,0.320090856587316,0.6870427949632771,0.2850387249088827,0.3361428548654403,0.49943314570908753,0.6115770162408912,0.18591005126033497,0.23913419752139153,0.31606902733370845,0.696007190887062,-0.2740793908295741,0.45709693074854757,0.4267110184117802,0.7916988560484864,0.7926977275521705,0.27964002420119183,0.5221477986421954,0.5574014470200029,0.5342761547851828,0.3495177035455227,0.6286772878005916,0.821145973286408,0.8698176780873009,0.790937091114827,0.4069587326005731,0.9196848267432236,0.6190983895560427,0.13259476437037537,0.30008641012865006,0.4921204111244427,0.6936877958950162,0.25923199963094534,0.35446209703608983
Frontal_Sup_Medial_L,0.46443470481122445,0.5675947793160477,0.8879065489404131,0.8002135990048055,0.17909223197848492,0.7788908844898204,0.08141702153828838,0.23781640375089874,0.5762686612698519,0.6717851010094191,0.12684424785283077,0.00022672905525962219,0.1936395090445872,0.4583369459438805,-0.14604142395751218,0.09551168295300533,0.45467283460826785,0.7005614136518254,0.6232054731497746,0.04862964408487877,0.07295395966971076,0.3573276995319815,0.7841705579473877,0.18181175123875198,0.4742993847861262,0.7911931491363562,0.8909588670282129,0.7667184274514058,0.16198419189140018,0.7139869702806224,0.26819712715627075,0.19814518058184385,0.277340981856616,0.5382866435324867,0.5895976623328109,0.08699653325674457,0.4103857080318773
Frontal_Sup_Medial_R,0.42712532760743943,0.6727386861372613,0.8912651175178923,0.7952463839519093,0.18756630294919457,0.8352735007053331,0.08859399392672433,0.26933758066615715,0.5640359198177173,0.7582953386020561,0.14487810644213311,0.005275224748092139,0.19141338530100596,0.5001679988787905,-0.1466329387990453,0.09296564963065636,0.4674390413389589,0.7481621818863639,0.6969133029802099,0.04894672347843924,0.07525293690577642,0.4058118804896156,0.849330389535294,0.18416504208740056,0.5088470312523319,0.8657148392548663,0.8937509011093319,0.7451050526823083,0.17541081939746672,0.715197817881831,0.29031885019371095,0.22610265938420304,0.3209410985415468,0.5345300195851379,0.5747229819645712,0.08422734127275594,0.38488038284685205
Frontal_Med_Orb_L,0.4792995463492164,0.5902227462310597,0.9782553001033906,0.8509147594200311,0.2053394497581656,0.9857531536110771,0.10717902231407257,0.2545460608276283,0.8082041073602636,0.6725039260667942,0.1355766710913386,0.009873206114479591,0.2304886877459799,0.5515078231413459,-0.08371809899083703,0.11078169617269973,0.4566539221021413,0.8765876708963027,0.7025276706997654,0.05452581617650884,0.19608203510528935,0.39897365943015495,0.8576599962706277,0.22048090843241536,0.6399302921698065,0.9219993225027376,0.9791272573491185,0.8694282800596592,0.29466044753054066,0.788150839995786,0.32995766426880696,0.2468869673210989,0.2528107053639792,0.5906726128875948,0.6547126867223274,0.10702808466487618,0.44918759099036265
Frontal_Med_Orb_R,0.46208199395833993,0.646012236858254,0.9323059884480877,0.8535353799306489,0.20768263825570588,0.9265379942825729,0.09503611881039244,0.28279796393924445,0.7223090062999036,0.644191927581692,0.13025998698737512,0.02284375435977529,0.2209897718238885,0.5855192203088531,0.005544288202304852,0.10365433672651644,0.46181450161608173,0.8701974112111465,0.7500016366109309,0.054865849924437715,0.19821312415548,0.39663783006514675,0.8245136954241383,0.22197759844488776,0.6603030577693557,0.926102947726638,0.9345104242896368,0.8316661644148945,0.3077745659833845,0.799379318649706,0.3684301553862288,0.20418757468295878,0.2458132296037554,0.5930652221023641,0.6211346242432586,0.11316725201297942,0.43321356395296273
Rectus_L,0.4869620554274948,0.7108922524712136,0.9683664733826439,0.854593346169237,0.2210668130160795,0.9748453495098031,0.10753385042753315,0.2768533430296008,1.0,0.5935512129688578,0.12593472536613268,0.017163771626898843,0.24760015744192387,0.6316314382557457,-0.12871796319513204,0.14971074706018872,0.44481846057515945,0.9662098740177959,0.7436544295508832,0.08116061594050408,0.2086645905539884,0.39784724651711134,0.7913326507218972,0.24479567556945994,0.7130603509640021,0.940539291124538,0.9724354468555018,0.8527819431206488,0.3514187888816433,0.8516489619442562,0.3928954108658261,0.15316863809550266,0.22419282025347267,0.5574420548900589,0.6560399074765642,0.12860371705626628,0.3956661428666323
Rectus_R,0.4777416821918385,0.8633580337328454,0.9465612288033646,0.8551808069951767,0.22675749808170856,0.9235994367378355,0.17885738573917845,0.28216864797471536,0.8357089505064459,1.0,0.21553324611813868,0.04505642957045143,0.24521455716314514,0.6512890368061229,-0.07256220059323706,0.1648941462782906,0.4530447149691138,0.9299094244906372,0.799516767421388,0.09033090054678779,0.21153998707919222,0.6730771738429017,0.7807729708251947,0.24789187143289046,0.719957654833402,0.9139489394548471,0.9220259859862046,0.8267051868985046,0.3531350364428268,0.8668792690355899,0.4152333105972775,0.16002509373387858,0.3733380355174589,0.5675785181294533,0.6512357173114337,0.13683282770792515,0.3837072818122605
Insula_L,0.4762465081520309,0.6477180331694912,0.872232871145043,0.811986969358953,0.2681918875889416,0.9294630954103217,0.23566074269300435,0.3174089353479887,0.5731946563415159,0.7128205847641255,0.17163632746786558,0.21745507969999955,0.30273392573816627,0.608853175925529,0.01050057028839258,0.2889454633111808,0.4656327863591874,0.8906059621103646,0.8298614290190631,0.17829427793052513,0.34099406061463045,0.6312567086865001,0.7440302287824901,0.2926084033691021,0.7157621008139959,0.892281887944879,0.9409580321474066,0.8687813182622457,0.29959673058109065,0.7843727533006765,0.46155612303530474,0.33277864474080765,0.3237224125968183,0.5089173729536484,0.598052728027817,0.21208503010420798,0.5440835044736352
Insula_R,0.5080801204121802,0.5256212287962528,0.8744022803159828,0.8456089669206869,0.24957561187505314,0.9620142948380346,0.19788727684251217,0.3031022680996558,0.5789246030791887,0.6262751279134104,0.14385518972225828,0.06837178826460581,0.2754909979546607,0.6151174046928917,0.24346844086388997,0.16536440068368002,0.47107175938178736,0.9556760819456565,0.8129952213497563,0.1199685130845219,0.34280643559362733,0.5526600196221592,0.7291993689405073,0.26014853484545314,0.7766433408830502,0.882746603634958,0.9955533766593657,1.0,0.31821450568548815,0.7813130833873146,0.45364855864292586,0.321085761488448,0.27198930775127433,0.6102464521568923,0.6943396844232308,0.18968594055945578,0.4976094559860357
Cingulum_Ant_L,0.5857242518972287,0.47192805966725887,0.8960532957099598,0.8588002097852413,0.24130417223876843,0.907504164879645,0.10331417742859307,0.2979360269675188,0.6332819868055454,0.4767369169554548,0.10340894034886627,0.021647017271914613,0.2556839271993871,0.7074368629109085,0.07380276265782032,0.11676182079171993,0.45678990294644284,0.9228610858512281,0.7259483887495664,0.06131481240383578,0.29538325410614635,0.32387562943653775,0.8368659393049062,0.22958143716661508,0.6276305340469136,0.8919362959070175,1.0,0.9427705654308669,0.30657531583383124,0.8694475443349343,0.40435927215168394,0.238362255406482,0.20021200016355792,0.6078156157296656,0.5869210453921488,0.12965849105759983,0.45404940557576023
Cingulum_Ant_R,0.5295221615249402,0.6274240829901232,0.8274966881207882,0.823268222974083,0.2306560704525986,0.7665604156805674,0.1244897169025217,0.3004252345165369,0.5736679829062084,0.5608082796249431,0.12397136301291324,0.03455670966869533,0.23646509957202874,0.6506235166013966,0.11879585046894783,0.09602498791507083,0.4565882132377808,0.7968520313024716,0.7583426987575256,0.05420063695878756,0.24057792599729994,0.39675808628333503,0.713422093485,0.2228467772006991,0.5279394382240253,0.8765501938512935,0.9000180462697365,0.8224253926717765,0.2675041268256072,0.8278450482831308,0.4067243185061999,0.22849281702071456,0.2540920739279285,0.5840089506664077,0.5201839861403933,0.116936615822091,0.40823074141115556
Cingulum_Mid_L,0.4893576262801688,0.5012526180880965,0.9070897212976111,0.8254794995381814,0.2648652238138031,0.8994714947387724,0.11907442340208296,0.3146919331883921,0.48197477685848705,0.556638730359834,0.11714296488770788,0.035055096118318876,0.2616484273009327,0.5795654116955647,0.3624500930696086,0.10536495524408993,0.4956403993743056,0.8895418614848236,0.7674568474818627,0.06015707627040279,0.2598272489906746,0.3168349009179038,0.8641104212778463,0.2416163137760695,0.5634816970838973,0.9032518098745875,0.9671181391662816,0.978592024852932,0.27974935786764393,0.7224395861084052,0.3974134791123477,0.33058826885737524,0.22755055799471346,0.5625885298928892,0.6408711816461519,0.1006172949081408,0.4461832656614134
Cingulum_Mid_R,0.443544580925616,0.6001426493341354,0.8841856439685298,0.7734809532883187,0.2591569236285242,0.8428613983781125,0.12837193531995492,0.31387073385675107,0.42933107703349443,0.620896090627134,0.129210013684452,0.04323921891705023,0.2479719549174521,0.5780467142046642,0.26838014954990824,0.08656407512786946,0.4846322089729626,0.8471269869637661,0.7823153181705021,0.052259102414121704,0.25467858916451885,0.34867058924098043,0.8320790323595956,0.23708801543506908,0.5312708559068331,0.9054117306137792,0.9406919138903936,0.8644752673002012,0.28088866994877115,0.7177304958230617,0.3985031165867057,0.27920991769526665,0.2563564326586909,0.5364455607208952,0.5497368425704962,0.08728597328754448,0.3390037108845232
Cingulum_Post_L,0.32940659109328785,0.6251268452365384,0.7410296786505077,0.6854405059253879,0.20267695643565853,0.8011700286426243,0.0924251977738577,0.30969970377001066,0.4373517743896653,0.5160939095689198,0.10454591601381971,0.030128710935251397,0.2028797888739314,0.29412980732478256,-0.23637138770032678,0.04398435787033416,0.4122313835096999,0.7391889158398082,0.712704654635817,0.04178899469439047,0.19812545711259213,0.21519567436488501,0.6665877455953738,0.21079056923081488,0.4378881601977221,0.7865251788400449,0.8144440480544548,0.6877427906399027,0.25102647214290735,0.4241369035334312,0.39242718487489947,0.17711945039096325,0.18411686979468442,0.3664738910398653,0.4754276610883733,0.05729350744449751,0.3102150059599264
Cingulum_Post_R,0.2549459513509531,0.6184207571882991,0.6254447750634455,0.6093158094197415,0.1669090537774992,0.5449202498790682,0.06474617304164229,0.29751540668322524,0.3486959571977826,0.36440388999053425,0.07146833979083782,0.02871906217644702,0.18016818097238885,0.19351500629519996,-0.47671449175337055,0.018854979808231087,0.3881221840687815,0.5763371072825394,0.6367106339592724,0.025777856230012684,0.13302885813301674,0.14825001847309377,0.4133188190494312,0.18666597100715343,0.3112130276307021,0.6882018842730373,0.6839131634051192,0.4410927003580863,0.18273097994713672,0.34586991106207937,0.3885559087740787,0.0973892925609817,0.1273901130252903,0.2158148162348222,0.31130390542028286,0.03367677741211275,0.13534665079351899
Hippocampus_L,0.3189158904080752,0.6060104260768616,0.5149947037518335,0.755871465435791,0.29885979448260963,0.21596557346001832,0.29387549817864383,0.29081191665738676,0.2999258047844312,0.43060356299146274,0.22142469068801915,0.043792666803438324,0.324328439538195,0.34766562048465227,-0.25540622253953715,0.11670250206116961,0.4623829789009358,0.6314934777871628,0.8189290166524698,0.10861296897244337,0.2823568061672408,1.0,0.22478646708606279,0.31505483016841224,0.6195577854770128,0.6488168988725016,0.7278515755324693,0.5140597584620813,0.19881296674451648,0.4823891438536089,0.4871326377537361,0.14209585029706778,0.1729082876983961,0.25831750701629413,0.3657228003335615,0.16279196054006556,0.14208783729862184
Hippocampus_R,0.3167071899965266,0.5433753367550395,0.5177462208512751,0.7531218125942053,0.280175947629412,0.22698652744432232,0.23673272190225186,0.28593928185758855,0.2997356791405636,0.3619359298300894,0.18847799249366126,0.06155838239223923,0.3122840213833951,0.2981383949052088,-0.25337309031598243,0.1349475155052526,0.4638732055330688,0.5774011709128587,0.7908429517177097,0.10663749925199255,0.23418761305705993,0.9305384369076699,0.18047874241135067,0.30925527176383977,0.5654301047832442,0.6425340615819289,0.6879714066168158,0.4666344255874373,0.18915665768392256,0.472972919020891,0.47117596246158794,0.12909502847425733,0.13617502050693644,0.2954642452031251,0.3688560313293891,0.16496094047707752,0.21629052127213982
ParaHippocampal_L,0.30585921037397246,0.48245280399498613,0.5380053448458949,0.7293239284984323,0.19854131049266846,0.46965756288027666,0.26520937654671833,0.25195367357011494,0.372897274368077,0.4775760157791668,0.19824234819234687,0.0013633269843444603,0.21848649702447343,0.2895641504562578,-0.5270101674824408,0.08038171226456826,0.3589602684745991,0.6958983572152586,0.6172099296731138,0.06682085293994214,0.2874982665274294,0.9012520355231741,0.11356484840330627,0.22254403343385779,0.8750967973754595,0.6867819363796798,0.7465028127455473,0.5247704635946026,0.14436619798850217,0.44775693541540457,0.3973460719556049,0.16723558299874233,0.18538225892763793,0.15454725309043474,0.3708325272160194,0.11503701282156623,0.05947419564058138
ParaHippocampal_R,0.38673259865062576,0.5550854990614117,0.6007154916812479,0.779326958321639,0.23018059355565704,0.5731992432656208,0.2701447511296849,0.2747673494243886,0.38526594450593443,0.5211511602338887,0.2004822400588871,-0.0002596772476509772,0.23488357769015386,0.36735470606930354,-0.36449621561208134,0.147714746306243,0.4018994033791566,0.7985030947937318,0.7018056862559777,0.07974889380503906,0.3219480224519863,0.9584000417274589,0.11186889029384255,0.25529569980214917,1.0,0.7777650873224593,0.8146505205000165,0.6483489726016037,0.20310679086521707,0.503010955400567,0.41974703274015407,0.24439984064747614,0.19271452130951214,0.26514590404269156,0.5007286762466071,0.1483942190226621,0.25104612969205814
Amygdala_L,0.4799969265422548,0.4984179404172443,0.6394357824714069,0.8437547716184242,0.368282277941963,0.30658960229041654,0.5383648803882131,0.2978122066039685,0.39250254728935063,0.39689829276994415,0.19325607271431416,0.07971650010343684,0.3586018742839555,0.8576580648910852,-0.15898184398032372,0.2883521798391326,0.4201787663543149,0.7013987539541726,0.7219585789759415,0.2165334759871737,0.7405464872653377,0.6372809991051556,0.30909727392505293,0.3877427431338241,0.6483720802723048,0.7625684178433099,0.7993635318283857,0.5978281734790585,0.28175297302629887,0.8999765828832921,0.5598411564770063,0.3482198687795053,0.28042654300224357,0.4953705904157185,0.5775088234776412,0.30580606816392447,0.22064544515391557
Amygdala_R,0.5800435336343638,0.5354893435515057,0.6382236874175894,0.8278440328938512,0.32554806333825725,0.32352794774311333,0.43238545614582546,0.29881208458068015,0.37449021895183277,0.2973655584066197,0.15440742562959825,0.0800452687244818,0.337085859488262,0.7275476338293586,-0.05812623327677233,0.30444536265686367,0.4221997485158358,0.6531753747929391,0.7132211595750917,0.2098304890266881,0.6498766927842242,0.44758860091419245,0.20759841319791744,0.3682786185586792,0.5492218250856765,0.7300351574119227,0.7410833124345542,0.5459993936021422,0.2982524249103151,0.8593898158266835,0.552083680924949,0.2569882134623842,0.22740462209347387,0.4895467216756882,0.6012677045076389,0.28241515755880137,0.26974202560000593
Calcarine_L,0.3501668508636206,0.920646408717504,0.6568659374656234,0.6635859461968374,0.17828282297642004,0.9456315374950971,0.16920822639005018,0.2987947794193514,0.6498519068926638,0.8345839496214341,0.12258434332718003,0.021634518951467206,0.20189117122956002,0.049197859210602685,0.023207403954135227,0.03904722755056116,0.38784174802267163,1.0,0.7739578607082725,0.041986974420469045,0.19289177911419464,0.20811616070822553,0.9688102076881526,0.18893873349745624,0.3112156260002479,0.8082460336853715,0.8464012783951793,0.6781188376091463,0.22874431369584605,0.16424315354002644,0.3571603438135481,0.22015880459411746,0.4679016289642465,0.8105763661821966,0.6520021340682818,0.05664988736499132,0.4256103907995712
Calcarine_R,0.3304880482490764,1.0,0.6392540368208336,0.6353020168735021,0.17775931081377913,0.9090316067632168,0.14064914879723223,0.30539708314942476,0.5959182742188981,0.6668569289253067,0.10009976108569062,0.02843590248090387,0.19664912461772427,0.046195164499706835,-0.04855619167346806,0.04295790822377827,0.42589382959866223,0.9848444676984531,0.7665694781483116,0.0357904531087648,0.18220574653564617,0.1765771006749617,0.932549681438016,0.19543045663288267,0.28772498656324624,0.7860728060598602,0.8034817419595359,0.641562662350274,0.2036198123939894,0.16736777259250885,0.3783179851289431,0.25761854795828926,0.389230201596629,0.6528815446776686,0.6093165793139114,0.05718567827767981,0.40448422187901906
Cuneus_L,0.3264376098603261,0.7174855087189124,0.7502822967349574,0.703220200629384,0.17815687405008868,0.7782519370624053,0.11222556964026058,0.30648437460854605,0.6363184384450534,0.5688201912476152,0.10825764854962859,0.025694940136419358,0.1933227200607868,0.08960943240109948,0.08788837303781902,0.05712848138920909,0.4027701762066638,0.8496360006304053,0.7137900697613541,0.052439950617923066,0.12057079580525902,0.21629361140791278,0.6205773287966457,0.1841213902771857,0.3682592120790084,0.819553288369005,0.8493960119028314,0.7447554302329936,0.18421616451158007,0.24915223291429084,0.32121608072239427,0.2211121605936965,0.2500357703230773,0.5370573091070477,0.6192348007781463,0.07536630294092543,0.4041171466898421
Cuneus_R,0.32717035586851495,0.7651355369872219,0.7630992154528559,0.6870456765976597,0.19300600949738958,0.8230231289310977,0.10920784415860775,0.31197792740429137,0.6133713106317562,0.5624168605388993,0.10420440389048574,0.029016382761794426,0.18591775213181025,0.08454034672937079,0.09415511046110114,0.06952741836421988,0.43114323776257146,0.8953717726946834,0.7558555543838865,0.0471808129880853,0.12172194560858451,0.217729525264338,0.7166145796671721,0.19484672906501713,0.3688607511702154,0.8246611245298255,0.8540500710130348,0.7160647242401557,0.1678995633882688,0.25156337236171145,0.33587586914638506,0.2721213660493415,0.2512948601793409,0.5575208443762272,0.6244548667694654,0.07593081330947943,0.4019569905047117
Lingual_L,0.3062733693306809,0.946073722946423,0.6461226770221625,0.6814460124348465,0.17701479702883988,0.8919585357499694,0.14653677703986562,0.2884437560743653,0.4997435259034959,0.712508776932607,0.12538082374693943,-0.00019249280457747712,0.20421937697241696,0.0782317918098304,-0.18114201563038027,0.05024906333785102,0.3909982506318611,0.9668685183506103,0.7798602294858884,0.046939501907680634,0.18759168236131857,0.29398822558996596,0.874490328315597,0.19985747222389819,0.3868013567189005,0.7834929597273775,0.8119300132264387,0.5985262111215925,0.2333664393794797,0.2132003386373317,0.3719152424478095,0.1988788005425523,0.33698081122308476,0.46303963359725303,0.4645390242640735,0.06922109009089353,0.2544996406514956
Lingual_R,0.3203249444777753,0.8888839349486845,0.6445566302606472,0.6696766677199245,0.17373483876665927,0.8651307134857332,0.12647018962966253,0.2801368223746828,0.4950372133055245,0.6245873623675419,0.10776674476688235,0.014411912078827383,0.19850530053243928,0.0649253754327908,-0.12353400902990548,0.0643752556427323,0.41617022142062043,0.908932533441047,0.7507494085693923,0.04584483261737981,0.18598767318498852,0.25830302872919936,0.7704968708071066,0.2022148842781939,0.3607138511249924,0.7525587556610017,0.7892014268755196,0.595596976789334,0.2077631334548706,0.20785849103934007,0.3623198679596683,0.20487666463068652,0.29992534001581866,0.498642952788903,0.5142538451315471,0.07614619926335758,0.3149497050482237
Occipital_Sup_L,0.3105899565295189,0.6829139898958398,0.735233201353152,0.7145989170889233,0.18159551613942243,0.6265011330256354,0.0837535108411389,0.29035497786794107,0.5336242517458725,0.4635242068417635,0.09157448454494273,0.03559733283472938,0.18794812776915226,0.09372549736390169,0.07000020838078594,0.062020894265524804,0.41452758672809575,0.7549033029510438,0.6557413041811377,0.0455135746136164,0.0628957405181095,0.17853290813082495,0.5659130996627103,0.18246347869979587,0.2917077445430417,0.8059419884414861,0.7888107989905648,0.6060165786933226,0.1145907941233248,0.258688813197604,0.30224448266850396,0.16686500515266506,0.20662806065906827,0.5143675189062754,0.5836112180169353,0.06789753041644819,0.3217018184694983
Occipital_Sup_R,0.30672024166640355,0.663195184126288,0.7820306216625261,0.7103534920866527,0.18399816592621876,0.6772485841766744,0.07318141094458046,0.2763735486944038,0.5294974297003726,0.4603528593987345,0.0910670004132074,0.03666088113387087,0.18272359731120563,0.11582394573107362,0.0074882592961936275,0.07318883935955646,0.42703747673788867,0.7103260566856167,0.6584712897878857,0.04741394059841702,0.0506660109005332,0.18274017613133628,0.6186401809269139,0.18674521354933726,0.31869943825153785,0.7969971839381469,0.7797313096678876,0.6235683825578957,0.10035754729969093,0.2926690882767496,0.3031267957852006,0.18790671779087786,0.2100580247905084,0.5415308721837937,0.599848592144455,0.07503194682381818,0.2871257689781217
Occipital_Mid_L,0.324717294515141,0.7879875981594413,0.8331868080713342,0.7478793003184775,0.19523232750398187,0.81753001205338,0.09888806235423132,0.303497049023437,0.5728796223832597,0.7079483526015937,0.14309463759869662,0.038018701974538875,0.18888728586178183,0.1976589297078688,0.16883387594475777,0.09733595429909334,0.4592432077155418,0.8285102153506054,0.7339152554855851,0.05303768937358197,0.06183592416872003,0.3216036060816434,0.7079579452087392,0.1978374385487026,0.4085658693909786,0.8681617111159696,0.852010714089609,0.6425586364751847,0.13483031248953647,0.35578470445538923,0.3352073720167685,0.2088601864742637,0.2954495683735612,0.5986925690743131,0.6283317241732888,0.08940593151166461,0.42123584748123916
Occipital_Mid_R,0.32169496984432727,0.7057584860257976,0.8654078719289424,0.7362597517578978,0.1904582360780634,0.7750581752676438,0.09908661798652017,0.2643566012250366,0.5268064230731543,0.7475792336453799,0.15614189303508502,0.0333457223055811,0.18446474370001098,0.20096224230538362,-0.01752919493824322,0.08059139540221337,0.4150765512615624,0.7642300941569313,0.6744349763883227,0.05564405152238475,0.044261941195618076,0.3404921354773787,0.5851554644969205,0.19634665010271693,0.3864612601130007,0.8894854713886016,0.8403489544883995,0.6711464250014545,0.13228193800568672,0.37035332782838226,0.30092197028414375,0.20349342341603166,0.33013201434027944,0.5847078872267856,0.6333024030251441,0.08766854726508934,0.26929477164071425
Occipital_Inf_L,0.3191785657898892,0.8869480084422653,0.7577330499178646,0.7480720366245595,0.18612058263526787,0.9433519546252916,0.08102745323064434,0.3049683602541813,0.5631266907059423,0.5873829708078135,0.1164870721212039,0.033685498744706506,0.18371458250330439,0.17857022162221373,0.14150603490040684,0.10560302354028801,0.44488686385062465,0.8907123177374283,0.7377699745337822,0.05878661031742562,0.08900257825143376,0.2903930216174762,0.7131849110466603,0.2022964182107176,0.4812939444562366,0.8422565850385904,0.8431976641319471,0.6152545398678148,0.15722735099121282,0.3148569282719182,0.3509259832357452,0.2580030729991427,0.23333224145870707,0.5475598120290756,0.6117235552974956,0.10642964640802584,0.45180416936524015
Occipital_Inf_R,0.318911638089825,0.8242614124497256,0.7343693488907576,0.7038580172582685,0.1775989360664732,0.7899318091166115,0.08941779061762775,0.25653453525653386,0.5002670097007708,0.6812307299296895,0.12562621478440603,0.022404648340122933,0.17689349253612083,0.10916926844530371,-0.02213847647825544,0.08319085725422716,0.3970734957993696,0.7596407057465755,0.684491487629083,0.050714719975062016,0.06384596301214819,0.3095360784815039,0.5081829688007158,0.19177582091943768,0.38578672901760064,0.8442052450936609,0.7966543436118935,0.5504334656378346,0.11850516007878024,0.2562147125270355,0.3213581042835525,0.25621900462825187,0.28759215363371304,0.49413673651688556,0.6180802563095638,0.09123258988452268,0.26423390842932876
Fusiform_L,0.34305251192017433,0.7018154894240307,0.7040301165729884,0.7835398957091064,0.19165878938653746,0.9538752151824538,0.1765409697698071,0.28852972735460053,0.4839398932788533,0.8148059295612491,0.18417625792888953,0.012147021106550387,0.20089276895434666,0.3643109800844691,-0.14209673282497706,0.1210419052131243,0.42171549330712627,0.9185639550453455,0.7671596434683833,0.07368388907234173,0.16683202002380132,0.6613404901572124,0.47614608615525655,0.21826411191480116,0.7608585948534935,0.8192576649989599,0.8698240199703489,0.6501384016442519,0.2435424224279518,0.49855358585459997,0.3966824380736492,0.2639049841479585,0.2759814863141755,0.33900841096595985,0.5122501007502521,0.1404982354574986,0.3349952625043131
Fusiform_R,0.34427785321081605,0.6438952322125938,0.7080144093934706,0.7880226921751885,0.1873941245942202,0.9661491263861128,0.12900565361796487,0.28944849431179964,0.5096076954638988,0.6644590844378191,0.1436223907623695,0.014071583684552599,0.18998706727053932,0.3678843919335058,-0.10845507449532744,0.16409706986948278,0.4332808183917373,0.9233815766309609,0.7603808629676369,0.07506096996620276,0.13544092618945766,0.49648699154272236,0.43463102490664535,0.21423192430960739,0.7187510155588794,0.8377004690447347,0.8632559966116684,0.6837070714025973,0.25930807421292995,0.501750228827703,0.39305696732175543,0.317770653528296,0.23289704915087983,0.3974709252860996,0.5915481779903955,0.16151984077928352,0.39820848163955175
Postcentral_L,0.33671853652888734,0.6225006488633322,0.7967929731501706,0.7481853195248729,0.2161788553554068,0.6407388327340615,0.08314053910955847,0.27399333967450196,0.44779032828942894,0.41978335577778386,0.08547364636383116,0.027088488341169815,0.20601092623276177,0.24920012357800117,0.36528658946971,0.0809595529922541,0.4471778520797855,0.6872933705288885,0.6532785816280798,0.050263178238569,0.07640792388519196,0.2336003647363296,0.669144426065244,0.2019232183121322,0.35594328119922247,0.7867672348542726,0.801523785914726,0.6534148418353776,0.09880806570514362,0.4318642847036823,0.2952972963012723,0.2854553019845393,0.20422816382048867,0.48033983878887754,0.5306547486593471,0.07595664288255484,0.30180615293208085
Postcentral_R,0.33845007209995054,0.5292229937045166,0.7967983309028892,0.7145364137430521,0.19459035243044326,0.6044902282428197,0.07308119541111231,0.25332830452959326,0.4046330675258549,0.42104156377262586,0.08876056245936363,0.013529544733448657,0.1920943512160872,0.24248474123054917,0.25325315083533373,0.05912439399048849,0.4152295242791212,0.6401004758851554,0.6186454441079284,0.04783589893277629,0.064047780068215,0.25134990112576094,0.5647350194651135,0.18925309906422255,0.32356087157889785,0.7586664961321183,0.774077079407119,0.6044609358030516,0.11288557962424689,0.4292809683319107,0.2695668124754046,0.245242798085394,0.20143742477148616,0.4282153962941674,0.5189979271927909,0.06539638668720418,0.21460820864539915
Parietal_Sup_L,0.31450021577357457,0.5737501081438887,0.7958846497697902,0.7398316237550004,0.17755864948341568,0.6147287310939351,0.06383829092918347,0.23888229941622574,0.4894144970431794,0.49560416700173876,0.10589885751190733,0.014692903059907057,0.17904722110935148,0.25372312861137325,-0.1138656226771435,0.07041572476878356,0.4114887255843982,0.6511254438050806,0.6155520227329325,0.05339222479980407,0.023060884447591756,0.24266565238329657,0.5738796132957603,0.17762587563256385,0.31823990269697405,0.768958802809714,0.7823583745127587,0.6517290864835444,0.09685190049405625,0.417385165230372,0.24218550826681953,0.18507941168271294,0.21116079689964593,0.40239993829412324,0.5464465387993583,0.07512172584916316,0.2835996617787889
Parietal_Sup_R,0.3052770216931384,0.4662292087086513,0.7531091676276618,0.7242624993626071,0.15312247285416486,0.4846914595493299,0.05886090111433518,0.1903070681371318,0.4792573665849931,0.5005558185912368,0.1074846541427205,0.02067234492500525,0.16492971897578407,0.21213073679731606,-0.2608426576146196,0.05417758691211788,0.38367345058541297,0.5214220258252615,0.5031402061442428,0.05164882090233581,0.014319319424546211,0.23907953171180993,0.4197394652485294,0.15920514141834755,0.2574396866792506,0.6965944376554442,0.720545084045203,0.5869872504438914,0.07846384848724447,0.3924680718385789,0.18673286562592534,0.14756789465116074,0.2214164339868017,0.31042616901640363,0.5408287370234328,0.07287463271250591,0.17779333782172993
Parietal_Inf_L,0.347726483311756,0.7122826106638929,0.9364338725931168,0.7932672525831538,0.200743512366208,0.9009800552986844,0.07999155381175703,0.3129548641284636,0.5340993234720077,0.6732884350404851,0.14589926307978887,0.02661032534944884,0.1900184372779268,0.4148708089207141,0.11097410491077982,0.1147528455680686,0.4676822336702825,0.8435613384744997,0.7369258493932803,0.06635591154423465,0.04947406005472568,0.33694050905939466,0.822283687873625,0.19690987055128215,0.4816542203807301,0.8460167420404986,0.8860231961998795,0.7903331817302097,0.1641646498572995,0.5806621324760826,0.31112903989822727,0.27527622050499423,0.2703272555572857,0.533573134080799,0.6278734959618807,0.11103145590248795,0.41730890409315935
Parietal_Inf_R,0.34608009936109974,0.6190372276534486,0.9493090929359015,0.7747418964941767,0.18192281589753878,0.8172528453805443,0.07280594618027408,0.27664167115707705,0.49762018151230264,0.7126318095408266,0.15369317864782095,0.010438279695866366,0.18512743510607169,0.3914300423049135,-0.028804940745932504,0.0825139890267561,0.43029523705472356,0.7700647956304897,0.6764896536644676,0.06717813204550631,0.03506715100645133,0.35845483688007446,0.6769772689802177,0.18589645948871333,0.44175995543476676,0.8166920364338253,0.8778298044099047,0.7761989191994285,0.17058562440192968,0.5801996795719465,0.2789789751226861,0.2510222282778676,0.29378502836396847,0.5168160566042952,0.6363802530889378,0.10344724086480812,0.32239185755037797
SupraMarginal_L,0.3695249402675592,0.788196763530058,0.9982242082602829,0.8444459809359851,0.21840765228377645,0.9222294406426521,0.09867364452926508,0.3275457583079757,0.5875241769495457,0.7204206071635736,0.1655513861995623,0.03199949699232265,0.20500042726837892,0.49714528441021516,0.27342015223260996,0.13420477319440902,0.4745179111847352,0.8452181943099157,0.729759518938159,0.07760103584098924,0.07571385694125544,0.4136279774141213,0.7971958252176571,0.21672162706517736,0.5322026968510637,0.9370009548912128,0.9353346282548711,0.8641176377067165,0.1551087406002887,0.6780739343585838,0.34534013436390115,0.27872064067119656,0.2728485290917821,0.5934415059246907,0.6474534417769616,0.12864466702757205,0.463438913291374
SupraMarginal_R,0.3446442472659909,0.6763488208795166,0.9766458590466044,0.7773541126000953,0.2041294896802979,0.8940487056748155,0.08208980795659127,0.29548400591306684,0.4714181013832796,0.6705754955907249,0.1558233930505513,0.012641817613066694,0.19272091902283905,0.4576992771311514,0.10582723341883553,0.09307372479955686,0.4212300647258389,0.7654467111976132,0.6871758168499046,0.07062882359346413,0.05535828381772758,0.39638082279995485,0.685837935930078,0.20416546739582334,0.4888828018410769,0.915998303779059,0.9144483187908871,0.8083605887377818,0.18836174017621957,0.6540606472394939,0.31752608209780925,0.2342072982846377,0.26889108426212316,0.5650839194650932,0.5957290732521782,0.10261084899468219,0.2971314221436176
Angular_L,0.34029416779816224,0.7310895471638134,0.9757174201421843,0.8006915906939086,0.2025789323168988,0.9471662737237739,0.0875406866272634,0.3171405422274119,0.5886527793182598,0.7137798986554109,0.16458341587619627,0.030486903011567406,0.18896301039612404,0.4327131613886293,0.09354084247333957,0.12628805470465973,0.47956323943658297,0.8694591252529147,0.7653099932069809,0.07142896665219539,0.04729368055134307,0.3887725830088329,0.7251060502621655,0.2033008549358691,0.4911611046347975,0.9130073810860746,0.9156771991161823,0.8017076284545879,0.16962750927213274,0.6071064408721152,0.3260827703658577,0.26163491226608465,0.2825824584887235,0.5582855392744874,0.637690640499503,0.11549190030295006,0.47131906502962434
Angular_R,0.34017960781837125,0.6674727728897858,0.9217203124144066,0.7754636159195527,0.19177395254063215,0.8464207077908371,0.07088624990121337,0.26872909471498524,0.5074247893590138,0.6496517343664941,0.14557870342457324,0.028609464442432515,0.18063111053895375,0.3635112736326445,-0.05699674513497825,0.08801968400955511,0.42623810580465676,0.7638236815765831,0.6872775960654008,0.06659994174896539,0.03094911913533357,0.336847140526691,0.6103535399588993,0.20002780989570712,0.418602718027342,0.8935563544511818,0.8731105603752083,0.7602586325007645,0.1679126818084581,0.5581650848738223,0.2923510668179931,0.25882548422696144,0.26967927527762586,0.5506678538821109,0.6174588445884989,0.10280203965402829,0.29900381698228445
Precuneus_L,0.36765733051248856,0.6207414948603989,0.8245958791441945,0.7483510063603688,0.19431950970538917,0.7501619028007133,0.08666857516758554,0.27736151053808245,0.5699309459007709,0.5632084720629692,0.12021104097329101,0.005716717359240621,0.19921926414397056,0.308363616024179,0.018263067604619477,0.062371581599877934,0.41693721596235195,0.7723222441803645,0.7138577312431946,0.055140026018788466,0.08826576561580686,0.2767317090459313,0.617049850054724,0.19624808734845914,0.41389202905390465,0.8247681412516897,0.8340957775261004,0.7856785708614973,0.1868690006966451,0.4680296488499068,0.3073066338654288,0.2226327274406122,0.22708578300774737,0.4127015882860673,0.5934986552156886,0.08133597035912991,0.35862917310172654
Precuneus_R,0.35901758817771323,0.6736044810803524,0.82583619463457,0.7250964423095531,0.1917252770236128,0.7682770798352803,0.09294681591590842,0.2813818585417957,0.553178947303105,0.6189953659674196,0.13188140655884528,0.025622354682320894,0.19630235286153286,0.3032093244145918,-0.0069491397174688664,0.0652061586337683,0.44402652100158735,0.7809945392134062,0.7203561527480299,0.052690863329551293,0.09168011635117727,0.2978653183853034,0.573502180951331,0.19662225985157725,0.3983281702771648,0.8122519043843937,0.8326610669712483,0.774672939637826,0.19431273291975104,0.46310770257685485,0.3182819040914352,0.26122891118469677,0.24879656704411082,0.39211994411219203,0.5751361290980641,0.07928194132307577,0.3866635171776888
Paracentral_Lobule_L,0.3591435999452672,0.5276661643424952,0.7021968930031989,0.6990735803512645,0.21568011599383913,0.3953309011755899,0.07544125473694947,0.2561806354183561,0.3917892287084487,0.31840246149742657,0.06021070880458287,0.005663968212317472,0.21299263951607325,0.20400181417482388,0.5898538484663496,0.03654282232140911,0.40367706283462307,0.5886231469858548,0.6493290187139777,0.033233238111112895,0.0677129272010056,0.1765515782709162,0.5002542789052137,0.20034148309992472,0.2705347142094817,0.7216904488814628,0.714614219240342,0.5383005161632392,0.07838613521729913,0.3915038952727519,0.25605912502185557,0.41800483517566445,0.18691759200117528,0.3626991891989407,0.4504277629339457,0.0436900651596156,0.17948157520117058
Paracentral_Lobule_R,0.3785252876103866,0.48625548515863454,0.7307092858958434,0.704096024349326,0.22035685638571892,0.4547639510197268,0.07200196177333845,0.26449935543584546,0.3973907121732379,0.26012304200002184,0.05299020555438508,0.024103443384936866,0.22194535477887659,0.1996223551902476,0.630362537570145,0.05010365551476669,0.43817791057458144,0.623974807703105,0.6665163121917979,0.036268821617483224,0.09699980485610686,0.15543348855933162,0.4665845104555096,0.20463319126713225,0.2954193115892476,0.7575509618467098,0.7277383046846125,0.5812845372535282,0.10455880186270848,0.39275544826634223,0.2716268169642787,0.3857839736777024,0.15320839225682065,0.34998124041918716,0.48295297278770855,0.04942859510188385,0.2529810299509367
Caudate_L,0.5813596892860526,0.5177255780919595,0.6091941773933968,0.6388466981495196,0.6744921575779982,0.11185181226303464,0.40132276260509164,0.6809837750152694,0.2383179054598216,0.15748289782177108,0.5595184909369622,0.6068755001562816,0.6430507480156066,0.6578890663356118,-0.8697857931229841,0.5790497976014781,0.41955657468034074,0.3771477903271146,0.7510872942530643,0.7316460053578598,0.2963887869561763,0.09806263498871944,0.34389634531048563,0.6585527051099324,0.05359890974013538,0.5784580648426942,0.799225937049345,0.6068460951948222,0.592500471210565,0.7717419710756852,0.6349885399028823,0.12037710714476098,0.2260212849848272,0.2738446851331847,0.6552808697196818,0.6985133433129733,0.5282612721951904
Caudate_R,0.6650982769690654,0.5316386163215787,0.6451710868994464,0.6731288299190027,0.7222013876051941,0.10040697242448406,0.4254276073432843,0.7563076240412283,0.22385412053300074,0.12841323037257163,0.5829971264223618,0.7188317050045626,0.6966221382729257,0.770138430596892,-0.7432869245931539,0.815559682881201,0.49798075616822407,0.39469782296264155,0.7881638762823835,0.768150395390221,0.33236029557632,0.06653733922139281,0.39221313777510913,0.6932144184171075,0.04420092860510919,0.7290594999994691,0.8662594000353862,0.6270405864343944,0.7156252838416937,0.8288219837777363,0.7190287658880125,0.099812940157138,0.24712336752251138,0.2877674878574932,0.720798856685447,0.7228638278725754,0.7334433290340675
Putamen_L,1.0,0.721596384875549,1.0,0.8624630471037927,1.0,0.28899061757889605,0.8666384879748504,1.0,0.26453014953835957,0.4059076137813896,0.9909077897419263,1.0,1.0,0.8273388412692987,-0.152545422190186,0.9766134502376596,0.5345993241200119,0.5222504630331822,0.9273320790068952,1.0,0.8251472208678925,0.22577200814175835,0.7257220496721862,1.0,0.1456231074942027,1.0,0.9319255851470851,0.7840011450924715,1.0,0.9765798862395807,0.8542002831451738,0.2670324221289416,0.5799424140856803,0.5595589385655176,0.9343194444412417,1.0,1.0
Putamen_R,0.9117029271527362,0.7317935789691825,0.9891887097234252,0.8843108268083842,0.8631394838392359,0.348477717718394,0.7460995630745632,0.9368128370540226,0.3043387040353562,0.36968220019870707,0.8310455135541684,0.8939878560213507,0.88855649505275,0.7679689959679997,0.004698399145413791,1.0,0.5253405453157793,0.5524086918272154,0.8887448544820954,0.8799012642013444,0.7592215599032344,0.2763013389008582,0.6165099904556679,0.9251527071540503,0.21096008709614544,0.9484721563609878,0.9271852282612291,0.8238652580012642,0.9095467341907695,0.959670889529379,0.8430697383465197,0.3229364236402841,0.47797728216096513,0.5511962556464229,1.0,0.9113006082917606,0.9426849514625807
Pallidum_L,0.8940183354910691,0.5619288443391955,0.9036503919697909,0.953050735343036,0.3902491693970376,0.12547670183467555,0.9891070359053543,0.6362586798850456,0.22407388160359396,0.288822980612855,0.9207935289491208,0.39169161533737035,0.561742204386696,0.5525452044405059,-0.06416006231710435,0.40170362240141966,0.5350702811061723,0.44495814681590323,0.8755272916209903,0.6190592594178421,0.9722581062036542,0.0306806811227495,0.7478881896251438,0.5388982797428236,0.04171947978395756,0.7136933382149634,0.6432136071442677,0.38671337766575153,0.6046667419602786,0.82392933953612,1.0,0.2836144298709985,0.9986909624612228,1.0,0.3560264100557937,0.6440313330791476,0.46799895470640446
Pallidum_R,0.9953898975864937,0.5522350072330656,0.9414733179078354,1.0,0.6559519240208833,0.15640400877563523,1.0,0.7160768737295833,0.2206759068440578,0.26202834516328644,1.0,0.7998147790473928,0.7572455653796455,0.5625275641932342,-0.043322646630970164,0.7943309821681581,0.48986597216916694,0.4428554871892991,0.9264117353970877,0.8279318197516572,1.0,0.03684449842847747,0.7786377078613113,0.7565255664762011,0.04652487051589721,0.7467363144550094,0.7371389822867193,0.518216679164315,0.7570910936885727,0.8469696213061941,0.9396284160489792,0.32213118380891137,1.0,0.9815689849029251,0.48529895672470175,0.7997311492214828,0.8083366431221896
Thalamus_L,0.3619116065132043,0.508702655611511,0.48754216603202266,0.594236118006882,0.4029242740288783,0.12802216913543582,0.8872869547458856,0.3479091509111913,0.2042627281087595,0.3757870770445924,0.21177758642396904,0.042109230413449175,0.3705207754162722,0.9747003281276402,1.0,0.303133875370722,0.9479030397911501,0.4284017816552853,0.9963570735353114,0.21442522315963214,0.6553350011245497,0.13251467621821278,0.2817914591843513,0.3879879383850083,0.04662347775989066,0.6894630769301563,0.7065521606233606,0.447326686535505,0.19606378068073704,0.9911006760205954,0.502402316304579,0.9465418404274918,0.24187527266299547,0.27831920859802695,0.12827376827772527,0.323974063707207,0.0633535175674828
Thalamus_R,0.38298352752955045,0.4616553761093551,0.49033227719189937,0.6089597875366493,0.39284576608368776,0.12240234816370701,0.885788420635068,0.3538769089599131,0.19172282208376412,0.35410243309896483,0.20918264478043125,0.1069457571194259,0.37120592153280957,1.0,0.9600982400233815,0.32094882401137587,1.0,0.44634099177263004,1.0,0.1975401140805263,0.6558516172425727,0.1465058157088502,0.2572925962307685,0.40289879011293095,0.04501349652755316,0.720261179796234,0.7225198179831399,0.4281002322709978,0.21882037206581284,1.0,0.4740067723282506,1.0,0.22695955826090972,0.2809218791699204,0.13489180887191002,0.3169736647838006,0.1363358538471048
Heschl_L,0.4271218752302462,0.55175201147633,0.8490852003778322,0.7360730892232791,0.26917074977369576,0.9958407663319064,0.14493632370403206,0.3127225030301787,0.5862159522234262,0.5522374970753341,0.10567968046493732,0.07987523078429153,0.30822813467943216,0.3454952205904182,0.3135829238749098,0.10720432473775383,0.47006722208040347,0.9699405985361348,0.7882216568999948,0.08309179902730142,0.3823475353082732,0.2804835024406217,1.0,0.2595441023404162,0.6489526332772035,0.8368636855921865,0.9816614417042872,0.8852589771644286,0.2860720665278126,0.5487022565016724,0.4159612731245143,0.35487191174308275,0.22352015318820267,0.46257401485083893,0.5865331482741634,0.14529271709144975,0.43812323785457413
Heschl_R,0.4568884397991727,0.7155659194846113,0.8357438192984803,0.756530328389048,0.2606149893012363,1.0,0.17632093251062253,0.3033827407956291,0.5656213020352202,0.7061437178176692,0.1283453732943399,0.025128676611238868,0.30441974919531123,0.2921737119485615,0.6074913803207542,0.10030274831163602,0.4814827031409967,0.9364402685042414,0.8237783479432362,0.07052468883837328,0.33283507738729784,0.3305119560203283,0.9655026264303157,0.2519797942232566,0.6246214261275391,0.8684247103144651,0.9589245065453049,0.9701480000931202,0.30921190928530756,0.505867336512898,0.40529287344241577,0.39901465605662184,0.2801561046880461,0.6076430095082941,0.6750706558462856,0.13032052002264924,0.452561124996079
Temporal_Sup_L,0.4048040670687423,0.7346897829677902,0.9273250481342846,0.8046243577163241,0.24036295354828924,0.9859636561778907,0.14255911067740865,0.3038137763458399,0.6881671849149796,0.7554901246961312,0.16446790579950088,0.03541916752256214,0.2358523301293754,0.41082817380707476,0.2465742252359524,0.13091234323250378,0.4410355943006078,0.8907413988216253,0.7606953232168091,0.08534243771948609,0.20478829316315197,0.4468370552762889,0.8050950833477586,0.2335919472301047,0.6466856708871592,0.8783134329819873,0.9655213493472035,0.8651946521121745,0.2023748438558857,0.6107634069026657,0.36838101544308216,0.29938012303190215,0.27080944525348066,0.5097992728619256,0.6288597069937469,0.14904258913939794,0.48250577656180516
Temporal_Sup_R,0.3782923784563243,0.644850318798124,0.8649706922795264,0.7708644290421761,0.21836524794635284,0.9005022054807074,0.11751149249864612,0.2691612790035441,0.5868425944526617,0.6956148032176783,0.15370476897647625,0.009342536992525732,0.2219871198005045,0.3522718630964951,0.17433526261442997,0.11448644019659006,0.41769039078261083,0.80887652908701,0.7084826729964699,0.07916880764499032,0.14434532133795241,0.4086721451045633,0.6421697037977876,0.21609439605050026,0.5399349635247213,0.8565680952592772,0.8892946445286247,0.8423290912934344,0.21141780220899478,0.5471660755001522,0.3428645901243666,0.27074272000107996,0.2542291748942662,0.489611350145222,0.6281314150700548,0.13311202721650423,0.35107916415261103
Temporal_Pole_Sup_L,0.3657042954729651,0.3741949567726242,0.700776609666287,0.809363594463602,0.18025481345867375,0.6582041827614812,0.17183607442647972,0.2101084797141326,0.6903008710036126,0.5753785453906385,0.1535504809181248,-0.005328447079237484,0.20348769374586373,0.39391620441433356,-0.5977361597124624,0.13347334648036857,0.33982655988802374,0.6368981165167007,0.5943703267285585,0.09081759398536124,0.16322310184299188,0.5614775086879267,0.2748718484362775,0.19885840955091058,0.610658088074603,0.6759183232332123,0.8164570741216813,0.6788220324199434,0.14430633989297062,0.5971205571350777,0.28495251016143636,0.12174300061934967,0.20006387944989676,0.25649327807423433,0.48754136563613554,0.16485851240154337,0.2694244819200189
Temporal_Pole_Sup_R,0.33980664582609704,0.4173623755842285,0.6521344667406851,0.7772799560880448,0.167659576074826,0.6183078375562749,0.17572655025214085,0.19569046132167367,0.5840383785562835,0.5788170602555721,0.15198713469774408,-0.02672936889081739,0.18506928221501848,0.3698924615785199,-0.54875274725157,0.14261766297344394,0.3390637373376802,0.6061567478307625,0.5985703848942181,0.08463975825253137,0.1802731443570732,0.5581333493229151,0.23088284850844445,0.18203325779987622,0.5706680951189691,0.6899893703015736,0.7677927549685843,0.6147707883851032,0.16061675407107232,0.5522165540678466,0.2737206250312026,0.16162333682569258,0.19404025591840168,0.2130947711726595,0.5180832002230917,0.1518653336410206,0.20161163652567657
Temporal_Mid_L,0.3414814276842759,0.7022920066073401,0.8993872372926451,0.7959728352690066,0.20768813785037754,0.9875471152150275,0.10985714986033576,0.2835052628880984,0.7134901238082163,0.8486320311873574,0.1907073425911661,0.03421007289633669,0.19385393858211267,0.44024934153360296,0.0612730442900772,0.1532708325586584,0.4407405128263964,0.8704554647251804,0.7445973638686565,0.08901631323257204,0.11580446586507274,0.5351186607893066,0.6959266307748537,0.2143489335803419,0.6308935733976994,0.8849012148344763,0.9285628618686494,0.7686067286587573,0.19484273787857684,0.6187906138810754,0.35180934702655015,0.2721375490084029,0.293131306971376,0.4959669725923315,0.6204383848506672,0.164915659003291,0.5227354816746101
Temporal_Mid_R,0.33738444535665796,0.6510702321622943,0.8593456742668454,0.7703038764363234,0.19849769131940695,0.9472800074254226,0.1033295381314197,0.25749884869319156,0.5773416770148276,0.811115890494874,0.1788997748517805,0.016348203145094966,0.19293832649149034,0.4119423651406233,0.00937700814259974,0.13516102126306423,0.41583263778414414,0.8158002782170566,0.7174461859838422,0.08416003618733518,0.10336833335512047,0.5004651987532138,0.632358853437073,0.20626883184920475,0.5860009444506946,0.8925690160514463,0.906364103721738,0.7842763895557026,0.21830309017022206,0.5841372143244836,0.3370235941839658,0.2691751868556891,0.2919608854148493,0.5175085529150867,0.633576309966577,0.14658939089083434,0.36443309544370084
Temporal_Pole_Mid_L,0.3094696601303062,0.5156156153739364,0.62551950772416,0.8462088577905512,0.1859930741223878,0.6920864543735247,0.2292393094179739,0.22880087321982762,0.6523181431895915,0.8643254390931652,0.2357598488396452,0.02993525400734634,0.1760981444714616,0.47272744483158385,-0.5766053302197994,0.1805864428251423,0.3555606387214515,0.710058984192734,0.6801596678729543,0.09973176611625939,0.11967948078065353,0.9670399884803682,0.22571534811250654,0.2068352338685296,0.6636515192703982,0.7752884820391842,0.8425947035803864,0.6172351833935527,0.19849749322107269,0.5683798066190772,0.33298827025689504,0.2568277968005259,0.280704317182966,0.25094986148943915,0.5574256836701117,0.1897706041600919,0.285130064322921
Temporal_Pole_Mid_R,0.2963437641436947,0.40537383581846315,0.6057137235598613,0.8113127807265389,0.1684334757536825,0.6409067458069393,0.1496403809410335,0.1868497516349099,0.5784217380411842,0.640614590141167,0.16114779155743233,0.016511141645975128,0.16627102724566525,0.3907070511169711,-0.5918945338237906,0.1674927907146713,0.3475380731153659,0.6108925452318699,0.614687881456519,0.08593938560250287,0.11835159319028273,0.6330518587387318,0.21729208672013978,0.18826626812959577,0.5710931844240905,0.7565994923372134,0.7883414193680145,0.5595895564266008,0.1859097011261797,0.5294462011731553,0.2838079920512755,0.2086639199112012,0.2050140902858902,0.20587026113441945,0.5590245054282922,0.17122275179342805,0.22224197139788876
Temporal_Inf_L,0.3215017630279874,0.7059566257497139,0.7907294419314624,0.8114119385769379,0.1905390883280871,0.9920377692066168,0.12308543540475479,0.26866005809013,0.6839334878900015,0.9613697567769777,0.21846730317730792,0.022315629371171933,0.1821243672821181,0.48464518770228654,-0.07196500081316717,0.17453508283786193,0.41946757219739744,0.8637624679753628,0.7510742511535303,0.09718456324677568,0.09774825166898239,0.6966325695521732,0.5445120057526934,0.21252579462614565,0.7500927892672927,0.8565732278142949,0.8957373554893574,0.6824347286266473,0.21552075314625863,0.6278458821246651,0.3678124350399036,0.28647737613000457,0.3067105381253595,0.4042465951229007,0.6217784419902608,0.1932999283255921,0.48285148804416617
Temporal_Inf_R,0.33893214184218007,0.5657988060914686,0.7608618576874414,0.7946955070052478,0.18561266633811377,0.917241201045464,0.09759070124054026,0.24622570458074716,0.5929800040694579,0.7711034087898111,0.17500871989669592,0.0025798752397228363,0.17597956362396092,0.4325283181462931,-0.05192958331128104,0.17211902661505302,0.4068961018563884,0.8050691954619608,0.6926973176701243,0.08755410858400049,0.07963519709046107,0.5445156978945354,0.46048988161119436,0.20254313006557992,0.6492660770689325,0.8610790801659077,0.8732325011391306,0.6764889981418734,0.2113613923525593,0.577885217441396,0.34198047800134634,0.2790908489633266,0.2676150900177802,0.43300302510951627,0.6536913101437498,0.18038197952533322,0.36001273980400517
